cluster,n_total,n_with_stats,volume_A3_n,volume_A3_mean,volume_A3_std,volume_A3_min,volume_A3_q25,volume_A3_median,volume_A3_q75,volume_A3_max,q_tetra_ca_n,q_tetra_ca_mean,q_tetra_ca_std,q_tetra_ca_min,q_tetra_ca_q25,q_tetra_ca_median,q_tetra_ca_q75,q_tetra_ca_max,q_tetra_coord_n,q_tetra_coord_mean,q_tetra_coord_std,q_tetra_coord_min,q_tetra_coord_q25,q_tetra_coord_median,q_tetra_coord_q75,q_tetra_coord_max
0,55,55,55,14.450663636363634,8.238612939641184,0.6668,8.40455,12.1529,17.8045,44.313,55,0.5140327272727273,0.08352143993565736,0.2961,0.47905,0.4924,0.5169999999999999,0.7995,55,0.9764963636363635,0.026006348620962558,0.8483,0.9682999999999999,0.9857,0.9912,0.9973
1,130,130,130,19.12997615384615,3.946328558796115,1.9294,19.66245,19.98295,20.448725,21.4737,130,0.3346807692307692,0.04351354182878253,0.2688,0.31637499999999996,0.32795,0.3358,0.5074,130,0.9705269230769231,0.011991412237748364,0.9019,0.96455,0.9711,0.976675,0.9907
2,83,83,83,14.971787951807226,8.463058440585797,2.3055,8.96895,9.8579,19.598149999999997,43.8584,83,0.495921686746988,0.0821563100967975,0.2793,0.47435000000000005,0.4773,0.5017,0.8054,83,0.9750481927710842,0.03312072245241743,0.7668,0.98,0.9845,0.9878,0.9986
3,61,61,61,15.006921311475407,9.804299509024627,2.1066,8.903,9.2291,19.4384,43.3548,61,0.5292295081967213,0.10547238989852117,0.3307,0.4748,0.4849,0.5028,0.8163,61,0.9845655737704918,0.010538047930190118,0.9225,0.9834,0.9863,0.9892,0.9989
4,281,281,281,16.31116619217082,10.206276036351817,0.6591,8.6005,13.5955,21.8048,44.3381,281,0.5359608540925267,0.12649042231469076,0.2948,0.4719,0.4837,0.5816,0.8397,281,0.9785427046263345,0.026831329455914574,0.7201,0.9746,0.9848,0.9898,0.9992
5,340,340,340,16.822521764705883,8.250530186874435,0.6666,9.724375,17.44835,20.9227,43.5567,340,0.5112599999999999,0.12955215297777367,0.2669,0.465725,0.49055000000000004,0.5439499999999999,0.8369,340,0.9740235294117647,0.03397201754059577,0.5815,0.9707,0.981,0.9897,0.9992
6,283,283,283,19.447266784452296,9.078486122749002,0.7892,14.68485,19.4115,24.24045,44.4702,283,0.5242166077738516,0.15273147446772864,0.2702,0.44630000000000003,0.4971,0.6086,0.9081,283,0.9784498233215547,0.023403145834505177,0.7097,0.97415,0.9831,0.98995,0.9991
7,265,265,265,19.628411698113208,10.642659744758044,0.3868,10.782,19.6374,28.6231,47.5316,265,0.5672343396226416,0.14504233965462784,0.2952,0.4753,0.5134,0.713,0.9052,265,0.9755969811320756,0.020240297706896386,0.7817,0.9684,0.9791,0.9881,0.997
8,329,329,329,19.376753191489364,9.596560833620098,0.1051,12.135,18.5273,28.5973,45.8376,329,0.5871802431610942,0.1448741176829352,0.2925,0.4823,0.5177,0.7626,0.9109,329,0.9790629179331308,0.016564422232208463,0.8329,0.9744,0.9804,0.9901,0.9994
9,184,184,184,15.432883152173915,9.36182018722442,0.1375,7.9285749999999995,13.94805,20.291525,43.7755,184,0.5339298913043479,0.10350773930310893,0.3309,0.47755000000000003,0.49175,0.54155,0.8275,184,0.9752010869565219,0.03821659238604529,0.6003,0.968675,0.98295,0.99095,0.9997
10,297,297,297,20.613335016835016,9.90215820621929,3.6653,12.3171,19.4581,29.0166,46.2502,297,0.5856191919191919,0.1332092690555352,0.2843,0.4879,0.5241,0.6908,0.8815,297,0.9787612794612794,0.03433389156718898,0.5906,0.9745,0.9854,0.9916,0.998
11,187,187,187,17.456181818181822,9.886490443293711,0.8078,9.124600000000001,16.1993,23.970599999999997,45.2607,187,0.5348235294117647,0.11659332578449666,0.2539,0.4731,0.4939,0.59835,0.8277,187,0.9815128342245989,0.017097601107316927,0.8527,0.9771,0.9863,0.99125,0.9991
12,218,218,218,16.838016972477067,8.786007174731688,1.9028,9.229475,16.6061,21.276725,44.3305,218,0.5235784403669725,0.11973086157746174,0.2655,0.47107499999999997,0.4879,0.5366249999999999,0.8349,218,0.9750238532110092,0.03172740082538146,0.7154,0.972025,0.98325,0.9907250000000001,0.9993
13,236,236,236,15.325512288135592,9.357855270929928,0.9938,8.9765,11.24735,20.273675,44.3869,236,0.5339779661016949,0.12156026763317733,0.2867,0.4793,0.4871,0.5378999999999999,0.92,236,0.9801440677966101,0.03717323974238129,0.5179,0.97775,0.9886,0.9912,0.9981
14,58,58,58,17.307029310344827,9.813725061818701,2.1027,8.285625,16.8382,28.401675,34.346,58,0.559151724137931,0.14447033252466046,0.2781,0.4745,0.49665,0.663025,0.8209,58,0.983755172413793,0.011396523553619519,0.9345,0.977025,0.9886,0.9910749999999999,0.9963
