pdb_id,record,serial,atom_name,element,altloc,resname,chain,resseq,x,y,z,cluster_id,cluster_type
2gyq,HETATM,2777,ZN,ZN,B,ZN,A,418,7.129,-19.987,27.428,3,multi_homo
2zum,HETATM,3212,ZN,ZN,B,ZN,A,461,27.554,16.536,-4.637,2,multi_homo
2zum,HETATM,3216,ZN,ZN,B,ZN,A,463,28.832,19.394,-4.011,2,multi_homo
3h5g,HETATM,730,ZN,ZN,B,ZN,A,35,16.478,-5.933,-5.02,4,multi_homo
3kya,HETATM,3989,ZN,ZN,B,ZN,A,522,54.279,31.761,18.935,4,multi_homo
4e3t,HETATM,5423,ZN,ZN,B,ZN,A,403,11.731,19.228,3.192,1,multi_homo
4e3t,HETATM,5426,ZN,ZN,B,ZN,B,403,10.588,28.15,39.213,3,multi_homo
4gy0,HETATM,5399,ZN,ZN,B,ZN,A,403,11.816,19.297,3.227,1,multi_homo
4gy0,HETATM,5402,ZN,ZN,B,ZN,B,403,10.701,28.271,39.448,3,multi_homo
4gy1,HETATM,6648,ZN,ZN,B,ZN,A,401,13.264,18.493,4.92,1,multi_homo
4gy1,HETATM,6649,ZN,ZN,B,ZN,A,402,10.31,20.502,5.108,1,multi_homo
4gy1,HETATM,6656,ZN,ZN,B,ZN,B,401,12.7,28.309,37.965,3,multi_homo
4gy1,HETATM,6657,ZN,ZN,B,ZN,B,402,9.276,28.296,37.226,3,multi_homo
4jjj,HETATM,5559,ZN,ZN,B,ZN,A,730,33.478,54.042,36.517,2,multi_homo
4kjm,HETATM,1799,ZN,ZN,B,ZN,B,205,8.346,2.833,24.669,11,multi_homo
5ucp,HETATM,9086,ZN,ZN,B,ZN,A,403,-11.83,29.578,-25.516,1,multi_homo
5ucp,HETATM,9087,ZN,ZN,C,ZN,A,404,-10.914,28.474,-26.468,1,multi_homo
5ucp,HETATM,9120,ZN,ZN,B,ZN,B,403,-5.666,-5.992,-57.595,2,multi_homo
5ucp,HETATM,9121,ZN,ZN,C,ZN,B,404,-6.575,-4.915,-56.671,2,multi_homo
5ucz,HETATM,9052,ZN,ZN,B,ZN,A,403,-0.177,-1.971,-49.9,1,multi_homo
5ucz,HETATM,9085,ZN,ZN,B,ZN,B,403,-5.333,-3.653,-3.165,2,multi_homo
5ud0,HETATM,8869,ZN,ZN,B,ZN,B,403,4.948,-3.997,3.931,2,multi_homo
5ud1,HETATM,4316,ZN,ZN,C,ZN,B,403,-2.249,-5.558,-58.069,3,multi_homo
5ud3,HETATM,9077,ZN,ZN,C,ZN,A,403,13.961,19.937,-34.458,1,multi_homo
5ud3,HETATM,9110,ZN,ZN,C,ZN,B,403,1.856,58.578,0.123,2,multi_homo
5wo1,HETATM,3074,ZN,ZN,B,ZN,A,204,-2.559,-29.409,34.768,2,multi_homo
5wo1,HETATM,3150,ZN,ZN,B,ZN,B,208,-1.167,7.039,23.951,14,multi_homo
5wo1,HETATM,3152,ZN,ZN,B,ZN,B,209,0.82,9.099,21.775,14,multi_homo
5yvx,HETATM,532,ZN,ZN,L,ZN,A,1001,34.863,105.535,26.373,1,homo
6kc5,HETATM,1464,ZN,ZN,B,ZN,B,1101,-13.905,-9.327,2.999,1,homo
7dg9,HETATM,711,ZN,ZN,L,ZN,A,101,-4.437,1.917,45.318,1,multi_homo
7dg9,HETATM,712,ZN,ZN,L,ZN,A,102,-2.903,3.546,45.5,1,multi_homo
7dg9,HETATM,714,ZN,ZN,L,ZN,A,104,2.429,-7.768,39.64,3,multi_homo
7dg9,HETATM,715,ZN,ZN,L,ZN,A,105,4.737,-7.482,40.326,3,multi_homo
7t9x,HETATM,1117,ZN,ZN,L,ZN,A,101,0.129,16.213,31.331,1,homo
7t9x,HETATM,1118,ZN,ZN,L,ZN,B,101,3.846,2.817,63.51,2,homo
