workdir,composition,residue_tag,atom_tag,bond_label,bond_length,fc_n_per_m
1bto-4cys-charge--1,4cys,Cys1,Cys,Zn-SG,2.279173,142.0484
1bto-4cys-charge--1,4cys,Cys1,Cys,SG-CB,1.827029,316.3830
1bto-4cys-charge--1,4cys,Cys1,Cys,CB-CA,1.514398,520.1095
1bto-4cys-charge--1,4cys,Cys2,Cys,Zn-SG,2.279769,141.3811
1bto-4cys-charge--1,4cys,Cys2,Cys,SG-CB,1.825471,317.7560
1bto-4cys-charge--1,4cys,Cys2,Cys,CB-CA,1.514165,520.2706
1bto-4cys-charge--1,4cys,Cys3,Cys,Zn-SG,2.400196,89.2842
1bto-4cys-charge--1,4cys,Cys3,Cys,SG-CB,1.813153,317.4025
1bto-4cys-charge--1,4cys,Cys3,Cys,CB-CA,1.513615,525.1031
1bto-4cys-charge--1,4cys,Cys4,Cys,Zn-SG,2.411307,85.3088
1bto-4cys-charge--1,4cys,Cys4,Cys,SG-CB,1.812003,318.3893
1bto-4cys-charge--1,4cys,Cys4,Cys,CB-CA,1.514044,525.1147
1bto-4cys-charge--2,4cys,Cys1,Cys,Zn-SG,2.353036,100.6517
1bto-4cys-charge--2,4cys,Cys1,Cys,SG-CB,1.826702,319.6926
1bto-4cys-charge--2,4cys,Cys1,Cys,CB-CA,1.515903,516.1062
1bto-4cys-charge--2,4cys,Cys2,Cys,Zn-SG,2.363857,96.2694
1bto-4cys-charge--2,4cys,Cys2,Cys,SG-CB,1.824866,320.1580
1bto-4cys-charge--2,4cys,Cys2,Cys,CB-CA,1.515353,516.3338
1bto-4cys-charge--2,4cys,Cys3,Cys,Zn-SG,2.367001,96.9203
1bto-4cys-charge--2,4cys,Cys3,Cys,SG-CB,1.824827,321.1972
1bto-4cys-charge--2,4cys,Cys3,Cys,CB-CA,1.514848,517.4749
1bto-4cys-charge--2,4cys,Cys4,Cys,Zn-SG,2.368059,93.3297
1bto-4cys-charge--2,4cys,Cys4,Cys,SG-CB,1.825069,321.7467
1bto-4cys-charge--2,4cys,Cys4,Cys,CB-CA,1.515773,516.3611
1bto-4cys-charge--3,4cys,Cys1,Cys,Zn-SG,2.459661,60.8680
1bto-4cys-charge--3,4cys,Cys1,Cys,SG-CB,1.840167,281.9718
1bto-4cys-charge--3,4cys,Cys1,Cys,CB-CA,1.515630,513.2764
1bto-4cys-charge--3,4cys,Cys2,Cys,Zn-SG,2.475333,57.9520
1bto-4cys-charge--3,4cys,Cys2,Cys,SG-CB,1.821158,321.0039
1bto-4cys-charge--3,4cys,Cys2,Cys,CB-CA,1.516016,513.8511
1bto-4cys-charge--3,4cys,Cys3,Cys,Zn-SG,2.483984,55.0344
1bto-4cys-charge--3,4cys,Cys3,Cys,SG-CB,1.824213,323.2339
1bto-4cys-charge--3,4cys,Cys3,Cys,CB-CA,1.516395,513.9339
1bto-4cys-charge--3,4cys,Cys4,Cys,Zn-SG,2.495276,52.2436
1bto-4cys-charge--3,4cys,Cys4,Cys,SG-CB,1.821127,319.9546
1bto-4cys-charge--3,4cys,Cys4,Cys,CB-CA,1.516267,512.3804
1clc-1eps-1delta-charge--1,2cys2his,His1,HisND,Zn-ND1,1.976346,304.7038
1clc-1eps-1delta-charge--1,2cys2his,His1,HisND,ND1-CG,1.370541,629.4724
1clc-1eps-1delta-charge--1,2cys2his,His1,HisND,ND1-CE1,1.400942,594.3482
1clc-1eps-1delta-charge--1,2cys2his,His1,HisND,CE1-NE2,1.433975,553.5991
1clc-1eps-1delta-charge--1,2cys2his,His1,HisND,NE2-CD2,1.407222,636.7555
1clc-1eps-1delta-charge--1,2cys2his,His1,HisND,CD2-CG,1.358596,918.8221
1clc-1eps-1delta-charge--1,2cys2his,His1,HisND,CG-CB,1.490480,684.1464
1clc-1eps-1delta-charge--1,2cys2his,His1,HisND,CB-CA,1.525007,513.9353
1clc-1eps-1delta-charge--1,2cys2his,His2,HisNE,Zn-NE2,2.080928,298.2219
1clc-1eps-1delta-charge--1,2cys2his,His2,HisNE,NE2-CE1,1.313346,893.1923
1clc-1eps-1delta-charge--1,2cys2his,His2,HisNE,NE2-CD2,1.374179,665.4026
1clc-1eps-1delta-charge--1,2cys2his,His2,HisNE,CE1-ND1,1.342736,875.3780
1clc-1eps-1delta-charge--1,2cys2his,His2,HisNE,ND1-CG,1.373426,753.1590
1clc-1eps-1delta-charge--1,2cys2his,His2,HisNE,CD2-CG,1.366312,906.8079
1clc-1eps-1delta-charge--1,2cys2his,His2,HisNE,CG-CB,1.485546,704.2614
1clc-1eps-1delta-charge--1,2cys2his,His2,HisNE,CB-CA,1.518224,546.5110
1clc-1eps-1delta-charge--1,2cys2his,Cys1,Cys,Zn-SG,2.325335,118.8295
1clc-1eps-1delta-charge--1,2cys2his,Cys1,Cys,SG-CB,1.825861,318.5649
1clc-1eps-1delta-charge--1,2cys2his,Cys1,Cys,CB-CA,1.514992,517.8900
1clc-1eps-1delta-charge--1,2cys2his,Cys2,Cys,Zn-SG,2.329410,114.7179
1clc-1eps-1delta-charge--1,2cys2his,Cys2,Cys,SG-CB,1.827244,318.8045
1clc-1eps-1delta-charge--1,2cys2his,Cys2,Cys,CB-CA,1.515560,516.1136
1clc-1eps-1delta-charge-0,2cys2his,His1,HisND,Zn-ND1,2.055616,306.8602
1clc-1eps-1delta-charge-0,2cys2his,His1,HisND,ND1-CG,1.378721,634.0944
1clc-1eps-1delta-charge-0,2cys2his,His1,HisND,ND1-CE1,1.319102,871.9290
1clc-1eps-1delta-charge-0,2cys2his,His1,HisND,CE1-NE2,1.336395,897.4575
1clc-1eps-1delta-charge-0,2cys2his,His1,HisND,NE2-CD2,1.369468,790.0083
1clc-1eps-1delta-charge-0,2cys2his,His1,HisND,CD2-CG,1.365350,915.4625
1clc-1eps-1delta-charge-0,2cys2his,His1,HisND,CG-CB,1.486390,702.0212
1clc-1eps-1delta-charge-0,2cys2his,His1,HisND,CB-CA,1.525124,513.8351
1clc-1eps-1delta-charge-0,2cys2his,His2,HisNE,Zn-NE2,2.060082,306.7734
1clc-1eps-1delta-charge-0,2cys2his,His2,HisNE,NE2-CE1,1.314740,890.4131
1clc-1eps-1delta-charge-0,2cys2his,His2,HisNE,NE2-CD2,1.374937,666.2037
1clc-1eps-1delta-charge-0,2cys2his,His2,HisNE,CE1-ND1,1.340939,882.9637
1clc-1eps-1delta-charge-0,2cys2his,His2,HisNE,ND1-CG,1.373359,752.3968
1clc-1eps-1delta-charge-0,2cys2his,His2,HisNE,CD2-CG,1.365879,909.3276
1clc-1eps-1delta-charge-0,2cys2his,His2,HisNE,CG-CB,1.485536,704.4591
1clc-1eps-1delta-charge-0,2cys2his,His2,HisNE,CB-CA,1.518151,546.7410
1clc-1eps-1delta-charge-0,2cys2his,Cys1,Cys,Zn-SG,2.292760,138.1734
1clc-1eps-1delta-charge-0,2cys2his,Cys1,Cys,SG-CB,1.826816,316.3412
1clc-1eps-1delta-charge-0,2cys2his,Cys1,Cys,CB-CA,1.514792,519.0747
1clc-1eps-1delta-charge-0,2cys2his,Cys2,Cys,Zn-SG,2.298470,132.0670
1clc-1eps-1delta-charge-0,2cys2his,Cys2,Cys,SG-CB,1.826120,320.1270
1clc-1eps-1delta-charge-0,2cys2his,Cys2,Cys,CB-CA,1.514844,522.3745
1clc-1eps-1delta-charge-1,2cys2his,His1,HisNE,Zn-NE2,1.983731,354.2804
1clc-1eps-1delta-charge-1,2cys2his,His1,HisNE,NE2-CE1,1.318624,884.6674
1clc-1eps-1delta-charge-1,2cys2his,His1,HisNE,NE2-CD2,1.377192,666.7346
1clc-1eps-1delta-charge-1,2cys2his,His1,HisNE,CE1-ND1,1.336701,901.2113
1clc-1eps-1delta-charge-1,2cys2his,His1,HisNE,ND1-CG,1.373193,752.0200
1clc-1eps-1delta-charge-1,2cys2his,His1,HisNE,CD2-CG,1.364158,917.0948
1clc-1eps-1delta-charge-1,2cys2his,His1,HisNE,CG-CB,1.484750,705.4967
1clc-1eps-1delta-charge-1,2cys2his,His1,HisNE,CB-CA,1.517925,547.3937
1clc-1eps-1delta-charge-1,2cys2his,His2,HisND,Zn-ND1,1.984864,356.0457
1clc-1eps-1delta-charge-1,2cys2his,His2,HisND,ND1-CG,1.380349,637.7268
1clc-1eps-1delta-charge-1,2cys2his,His2,HisND,ND1-CE1,1.322084,870.8074
1clc-1eps-1delta-charge-1,2cys2his,His2,HisND,CE1-NE2,1.332605,915.0631
1clc-1eps-1delta-charge-1,2cys2his,His2,HisND,NE2-CD2,1.369253,789.7529
1clc-1eps-1delta-charge-1,2cys2his,His2,HisND,CD2-CG,1.364181,920.0682
1clc-1eps-1delta-charge-1,2cys2his,His2,HisND,CG-CB,1.486209,702.7977
1clc-1eps-1delta-charge-1,2cys2his,His2,HisND,CB-CA,1.525419,511.7625
1clc-1eps-1delta-charge-1,2cys2his,Cys1,Cys,Zn-SG,2.329081,120.9667
1clc-1eps-1delta-charge-1,2cys2his,Cys1,Cys,SG-CB,1.818030,311.3029
1clc-1eps-1delta-charge-1,2cys2his,Cys1,Cys,CB-CA,1.514582,514.5323
1clc-1eps-1delta-charge-1,2cys2his,Cys2,Cys,Zn-SG,2.345524,116.8792
1clc-1eps-1delta-charge-1,2cys2his,Cys2,Cys,SG-CB,1.817198,309.7216
1clc-1eps-1delta-charge-1,2cys2his,Cys2,Cys,CB-CA,1.512674,527.8065
1clc-2delta-charge--1,2cys2his,His1,HisND,Zn-ND1,1.993198,289.6734
1clc-2delta-charge--1,2cys2his,His1,HisND,ND1-CG,1.372351,629.8270
1clc-2delta-charge--1,2cys2his,His1,HisND,ND1-CE1,1.399327,588.2335
1clc-2delta-charge--1,2cys2his,His1,HisND,CE1-NE2,1.431102,559.9353
1clc-2delta-charge--1,2cys2his,His1,HisND,NE2-CD2,1.407865,634.4729
1clc-2delta-charge--1,2cys2his,His1,HisND,CD2-CG,1.358754,915.0866
1clc-2delta-charge--1,2cys2his,His1,HisND,CG-CB,1.490239,684.0786
1clc-2delta-charge--1,2cys2his,His1,HisND,CB-CA,1.525295,509.3165
1clc-2delta-charge--1,2cys2his,His2,HisND,Zn-ND1,2.091651,280.3884
1clc-2delta-charge--1,2cys2his,His2,HisND,ND1-CG,1.377624,636.2890
1clc-2delta-charge--1,2cys2his,His2,HisND,ND1-CE1,1.318905,863.4183
1clc-2delta-charge--1,2cys2his,His2,HisND,CE1-NE2,1.338537,884.9524
1clc-2delta-charge--1,2cys2his,His2,HisND,NE2-CD2,1.371151,784.9066
1clc-2delta-charge--1,2cys2his,His2,HisND,CD2-CG,1.366146,910.2044
1clc-2delta-charge--1,2cys2his,His2,HisND,CG-CB,1.487280,700.7996
1clc-2delta-charge--1,2cys2his,His2,HisND,CB-CA,1.524594,514.7288
1clc-2delta-charge--1,2cys2his,Cys1,Cys,Zn-SG,2.319697,120.4604
1clc-2delta-charge--1,2cys2his,Cys1,Cys,SG-CB,1.827620,317.5282
1clc-2delta-charge--1,2cys2his,Cys1,Cys,CB-CA,1.515850,515.8409
1clc-2delta-charge--1,2cys2his,Cys2,Cys,Zn-SG,2.326887,117.8066
1clc-2delta-charge--1,2cys2his,Cys2,Cys,SG-CB,1.825845,319.9649
1clc-2delta-charge--1,2cys2his,Cys2,Cys,CB-CA,1.515425,516.6709
1clc-2delta-charge-0,2cys2his,His1,HisND,Zn-ND1,2.071441,295.6246
1clc-2delta-charge-0,2cys2his,His1,HisND,ND1-CG,1.378945,632.7715
1clc-2delta-charge-0,2cys2his,His1,HisND,ND1-CE1,1.319288,869.4599
1clc-2delta-charge-0,2cys2his,His1,HisND,CE1-NE2,1.336457,896.8032
1clc-2delta-charge-0,2cys2his,His1,HisND,NE2-CD2,1.369305,790.2964
1clc-2delta-charge-0,2cys2his,His1,HisND,CD2-CG,1.365633,913.3424
1clc-2delta-charge-0,2cys2his,His1,HisND,CG-CB,1.486744,700.8291
1clc-2delta-charge-0,2cys2his,His1,HisND,CB-CA,1.524469,515.6566
1clc-2delta-charge-0,2cys2his,His2,HisND,Zn-ND1,2.087115,284.1454
1clc-2delta-charge-0,2cys2his,His2,HisND,ND1-CG,1.378771,635.6597
1clc-2delta-charge-0,2cys2his,His2,HisND,ND1-CE1,1.319796,863.4073
1clc-2delta-charge-0,2cys2his,His2,HisND,CE1-NE2,1.335798,899.6505
1clc-2delta-charge-0,2cys2his,His2,HisND,NE2-CD2,1.369358,790.3275
1clc-2delta-charge-0,2cys2his,His2,HisND,CD2-CG,1.366255,908.1632
1clc-2delta-charge-0,2cys2his,His2,HisND,CG-CB,1.485934,702.9148
1clc-2delta-charge-0,2cys2his,His2,HisND,CB-CA,1.524762,512.4206
1clc-2delta-charge-0,2cys2his,Cys1,Cys,Zn-SG,2.288657,138.0012
1clc-2delta-charge-0,2cys2his,Cys1,Cys,SG-CB,1.827933,316.7803
1clc-2delta-charge-0,2cys2his,Cys1,Cys,CB-CA,1.515182,517.8533
1clc-2delta-charge-0,2cys2his,Cys2,Cys,Zn-SG,2.301517,133.0038
1clc-2delta-charge-0,2cys2his,Cys2,Cys,SG-CB,1.825608,318.3094
1clc-2delta-charge-0,2cys2his,Cys2,Cys,CB-CA,1.514932,518.8190
1clc-2delta-charge-1,2cys2his,His1,HisND,Zn-ND1,1.993635,346.5953
1clc-2delta-charge-1,2cys2his,His1,HisND,ND1-CG,1.379636,636.2316
1clc-2delta-charge-1,2cys2his,His1,HisND,ND1-CE1,1.321642,871.6966
1clc-2delta-charge-1,2cys2his,His1,HisND,CE1-NE2,1.333244,913.1629
1clc-2delta-charge-1,2cys2his,His1,HisND,NE2-CD2,1.369418,789.1813
1clc-2delta-charge-1,2cys2his,His1,HisND,CD2-CG,1.364149,920.2016
1clc-2delta-charge-1,2cys2his,His1,HisND,CG-CB,1.486076,702.6080
1clc-2delta-charge-1,2cys2his,His1,HisND,CB-CA,1.525407,511.8260
1clc-2delta-charge-1,2cys2his,His2,HisND,Zn-ND1,1.993670,345.6795
1clc-2delta-charge-1,2cys2his,His2,HisND,ND1-CG,1.379224,639.6399
1clc-2delta-charge-1,2cys2his,His2,HisND,ND1-CE1,1.321477,870.4011
1clc-2delta-charge-1,2cys2his,His2,HisND,CE1-NE2,1.333179,913.7190
1clc-2delta-charge-1,2cys2his,His2,HisND,NE2-CD2,1.369522,788.5272
1clc-2delta-charge-1,2cys2his,His2,HisND,CD2-CG,1.364266,919.8969
1clc-2delta-charge-1,2cys2his,His2,HisND,CG-CB,1.485780,704.0756
1clc-2delta-charge-1,2cys2his,His2,HisND,CB-CA,1.525394,512.2647
1clc-2delta-charge-1,2cys2his,Cys1,Cys,Zn-SG,2.334394,123.5906
1clc-2delta-charge-1,2cys2his,Cys1,Cys,SG-CB,1.816919,313.6806
1clc-2delta-charge-1,2cys2his,Cys1,Cys,CB-CA,1.512815,528.6896
1clc-2delta-charge-1,2cys2his,Cys2,Cys,Zn-SG,2.339270,120.9591
1clc-2delta-charge-1,2cys2his,Cys2,Cys,SG-CB,1.816991,312.6800
1clc-2delta-charge-1,2cys2his,Cys2,Cys,CB-CA,1.512824,527.7775
1clc-2eps-charge--1,2cys2his,His1,HisND,Zn-ND1,1.976346,304.7038
1clc-2eps-charge--1,2cys2his,His1,HisND,ND1-CG,1.370541,629.4724
1clc-2eps-charge--1,2cys2his,His1,HisND,ND1-CE1,1.400942,594.3482
1clc-2eps-charge--1,2cys2his,His1,HisND,CE1-NE2,1.433975,553.5991
1clc-2eps-charge--1,2cys2his,His1,HisND,NE2-CD2,1.407222,636.7555
1clc-2eps-charge--1,2cys2his,His1,HisND,CD2-CG,1.358596,918.8221
1clc-2eps-charge--1,2cys2his,His1,HisND,CG-CB,1.490480,684.1464
1clc-2eps-charge--1,2cys2his,His1,HisND,CB-CA,1.525007,513.9353
1clc-2eps-charge--1,2cys2his,His2,HisNE,Zn-NE2,2.080928,298.2219
1clc-2eps-charge--1,2cys2his,His2,HisNE,NE2-CE1,1.313346,893.1923
1clc-2eps-charge--1,2cys2his,His2,HisNE,NE2-CD2,1.374179,665.4026
1clc-2eps-charge--1,2cys2his,His2,HisNE,CE1-ND1,1.342736,875.3780
1clc-2eps-charge--1,2cys2his,His2,HisNE,ND1-CG,1.373426,753.1590
1clc-2eps-charge--1,2cys2his,His2,HisNE,CD2-CG,1.366312,906.8079
1clc-2eps-charge--1,2cys2his,His2,HisNE,CG-CB,1.485546,704.2614
1clc-2eps-charge--1,2cys2his,His2,HisNE,CB-CA,1.518224,546.5110
1clc-2eps-charge--1,2cys2his,Cys1,Cys,Zn-SG,2.325335,118.8295
1clc-2eps-charge--1,2cys2his,Cys1,Cys,SG-CB,1.825861,318.5649
1clc-2eps-charge--1,2cys2his,Cys1,Cys,CB-CA,1.514992,517.8900
1clc-2eps-charge--1,2cys2his,Cys2,Cys,Zn-SG,2.329410,114.7179
1clc-2eps-charge--1,2cys2his,Cys2,Cys,SG-CB,1.827244,318.8045
1clc-2eps-charge--1,2cys2his,Cys2,Cys,CB-CA,1.515560,516.1136
1clc-2eps-charge-0,2cys2his,His1,HisND,Zn-ND1,2.055616,306.8602
1clc-2eps-charge-0,2cys2his,His1,HisND,ND1-CG,1.378721,634.0944
1clc-2eps-charge-0,2cys2his,His1,HisND,ND1-CE1,1.319102,871.9290
1clc-2eps-charge-0,2cys2his,His1,HisND,CE1-NE2,1.336395,897.4575
1clc-2eps-charge-0,2cys2his,His1,HisND,NE2-CD2,1.369468,790.0083
1clc-2eps-charge-0,2cys2his,His1,HisND,CD2-CG,1.365350,915.4625
1clc-2eps-charge-0,2cys2his,His1,HisND,CG-CB,1.486390,702.0212
1clc-2eps-charge-0,2cys2his,His1,HisND,CB-CA,1.525124,513.8351
1clc-2eps-charge-0,2cys2his,His2,HisNE,Zn-NE2,2.060082,306.7734
1clc-2eps-charge-0,2cys2his,His2,HisNE,NE2-CE1,1.314740,890.4131
1clc-2eps-charge-0,2cys2his,His2,HisNE,NE2-CD2,1.374937,666.2037
1clc-2eps-charge-0,2cys2his,His2,HisNE,CE1-ND1,1.340939,882.9637
1clc-2eps-charge-0,2cys2his,His2,HisNE,ND1-CG,1.373359,752.3968
1clc-2eps-charge-0,2cys2his,His2,HisNE,CD2-CG,1.365879,909.3276
1clc-2eps-charge-0,2cys2his,His2,HisNE,CG-CB,1.485536,704.4591
1clc-2eps-charge-0,2cys2his,His2,HisNE,CB-CA,1.518151,546.7410
1clc-2eps-charge-0,2cys2his,Cys1,Cys,Zn-SG,2.292760,138.1734
1clc-2eps-charge-0,2cys2his,Cys1,Cys,SG-CB,1.826816,316.3412
1clc-2eps-charge-0,2cys2his,Cys1,Cys,CB-CA,1.514792,519.0747
1clc-2eps-charge-0,2cys2his,Cys2,Cys,Zn-SG,2.298470,132.0670
1clc-2eps-charge-0,2cys2his,Cys2,Cys,SG-CB,1.826120,320.1270
1clc-2eps-charge-0,2cys2his,Cys2,Cys,CB-CA,1.514844,522.3745
1clc-2eps-charge-1,2cys2his,His1,HisNE,Zn-NE2,1.983731,354.2804
1clc-2eps-charge-1,2cys2his,His1,HisNE,NE2-CE1,1.318624,884.6674
1clc-2eps-charge-1,2cys2his,His1,HisNE,NE2-CD2,1.377192,666.7346
1clc-2eps-charge-1,2cys2his,His1,HisNE,CE1-ND1,1.336701,901.2113
1clc-2eps-charge-1,2cys2his,His1,HisNE,ND1-CG,1.373193,752.0200
1clc-2eps-charge-1,2cys2his,His1,HisNE,CD2-CG,1.364158,917.0948
1clc-2eps-charge-1,2cys2his,His1,HisNE,CG-CB,1.484750,705.4967
1clc-2eps-charge-1,2cys2his,His1,HisNE,CB-CA,1.517925,547.3937
1clc-2eps-charge-1,2cys2his,His2,HisND,Zn-ND1,1.984864,356.0457
1clc-2eps-charge-1,2cys2his,His2,HisND,ND1-CG,1.380349,637.7268
1clc-2eps-charge-1,2cys2his,His2,HisND,ND1-CE1,1.322084,870.8074
1clc-2eps-charge-1,2cys2his,His2,HisND,CE1-NE2,1.332605,915.0631
1clc-2eps-charge-1,2cys2his,His2,HisND,NE2-CD2,1.369253,789.7529
1clc-2eps-charge-1,2cys2his,His2,HisND,CD2-CG,1.364181,920.0682
1clc-2eps-charge-1,2cys2his,His2,HisND,CG-CB,1.486209,702.7977
1clc-2eps-charge-1,2cys2his,His2,HisND,CB-CA,1.525419,511.7625
1clc-2eps-charge-1,2cys2his,Cys1,Cys,Zn-SG,2.329081,120.9667
1clc-2eps-charge-1,2cys2his,Cys1,Cys,SG-CB,1.818030,311.3029
1clc-2eps-charge-1,2cys2his,Cys1,Cys,CB-CA,1.514582,514.5323
1clc-2eps-charge-1,2cys2his,Cys2,Cys,Zn-SG,2.345524,116.8792
1clc-2eps-charge-1,2cys2his,Cys2,Cys,SG-CB,1.817198,309.7216
1clc-2eps-charge-1,2cys2his,Cys2,Cys,CB-CA,1.512674,527.8065
1z84-resseq4-alpha-0-beta-0-gamma-0,2cys2his,His1,HisND,Zn-ND1,2.065241,298.5832
1z84-resseq4-alpha-0-beta-0-gamma-0,2cys2his,His1,HisND,ND1-CG,1.379899,632.5574
1z84-resseq4-alpha-0-beta-0-gamma-0,2cys2his,His1,HisND,ND1-CE1,1.319972,867.4754
1z84-resseq4-alpha-0-beta-0-gamma-0,2cys2his,His1,HisND,CE1-NE2,1.335758,900.0176
1z84-resseq4-alpha-0-beta-0-gamma-0,2cys2his,His1,HisND,NE2-CD2,1.368352,793.5009
1z84-resseq4-alpha-0-beta-0-gamma-0,2cys2his,His1,HisND,CD2-CG,1.367152,900.0310
1z84-resseq4-alpha-0-beta-0-gamma-0,2cys2his,His1,HisND,CG-CB,1.491466,690.3103
1z84-resseq4-alpha-0-beta-0-gamma-0,2cys2his,His1,HisND,CB-CA,1.525677,517.0262
1z84-resseq4-alpha-0-beta-0-gamma-0,2cys2his,His2,HisND,Zn-ND1,2.069497,293.4857
1z84-resseq4-alpha-0-beta-0-gamma-0,2cys2his,His2,HisND,ND1-CG,1.380663,627.6206
1z84-resseq4-alpha-0-beta-0-gamma-0,2cys2his,His2,HisND,ND1-CE1,1.319186,868.9097
1z84-resseq4-alpha-0-beta-0-gamma-0,2cys2his,His2,HisND,CE1-NE2,1.335973,898.3161
1z84-resseq4-alpha-0-beta-0-gamma-0,2cys2his,His2,HisND,NE2-CD2,1.369303,791.2847
1z84-resseq4-alpha-0-beta-0-gamma-0,2cys2his,His2,HisND,CD2-CG,1.365691,911.8468
1z84-resseq4-alpha-0-beta-0-gamma-0,2cys2his,His2,HisND,CG-CB,1.487677,697.8396
1z84-resseq4-alpha-0-beta-0-gamma-0,2cys2his,His2,HisND,CB-CA,1.524617,515.9024
1z84-resseq4-alpha-0-beta-0-gamma-0,2cys2his,Cys1,Cys,Zn-SG,2.295674,137.1855
1z84-resseq4-alpha-0-beta-0-gamma-0,2cys2his,Cys1,Cys,SG-CB,1.825434,320.4966
1z84-resseq4-alpha-0-beta-0-gamma-0,2cys2his,Cys1,Cys,CB-CA,1.514284,520.0661
1z84-resseq4-alpha-0-beta-0-gamma-0,2cys2his,Cys2,Cys,Zn-SG,2.297367,133.3427
1z84-resseq4-alpha-0-beta-0-gamma-0,2cys2his,Cys2,Cys,SG-CB,1.828343,318.4131
1z84-resseq4-alpha-0-beta-0-gamma-0,2cys2his,Cys2,Cys,CB-CA,1.515527,519.5988
1z84-resseq4-alpha-0-beta-0-gamma-10,2cys2his,His1,HisND,Zn-ND1,2.065241,307.1493
1z84-resseq4-alpha-0-beta-0-gamma-10,2cys2his,His1,HisND,ND1-CG,1.379899,630.1875
1z84-resseq4-alpha-0-beta-0-gamma-10,2cys2his,His1,HisND,ND1-CE1,1.319972,867.5935
1z84-resseq4-alpha-0-beta-0-gamma-10,2cys2his,His1,HisND,CE1-NE2,1.335758,899.3908
1z84-resseq4-alpha-0-beta-0-gamma-10,2cys2his,His1,HisND,NE2-CD2,1.368352,792.4761
1z84-resseq4-alpha-0-beta-0-gamma-10,2cys2his,His1,HisND,CD2-CG,1.367152,900.5309
1z84-resseq4-alpha-0-beta-0-gamma-10,2cys2his,His1,HisND,CG-CB,1.491466,688.0708
1z84-resseq4-alpha-0-beta-0-gamma-10,2cys2his,His1,HisND,CB-CA,1.525677,515.6915
1z84-resseq4-alpha-0-beta-0-gamma-10,2cys2his,His2,HisND,Zn-ND1,2.069497,291.9612
1z84-resseq4-alpha-0-beta-0-gamma-10,2cys2his,His2,HisND,ND1-CG,1.380663,628.0598
1z84-resseq4-alpha-0-beta-0-gamma-10,2cys2his,His2,HisND,ND1-CE1,1.319186,868.5324
1z84-resseq4-alpha-0-beta-0-gamma-10,2cys2his,His2,HisND,CE1-NE2,1.335973,898.3819
1z84-resseq4-alpha-0-beta-0-gamma-10,2cys2his,His2,HisND,NE2-CD2,1.369303,791.6354
1z84-resseq4-alpha-0-beta-0-gamma-10,2cys2his,His2,HisND,CD2-CG,1.365691,911.8865
1z84-resseq4-alpha-0-beta-0-gamma-10,2cys2his,His2,HisND,CG-CB,1.487677,697.7428
1z84-resseq4-alpha-0-beta-0-gamma-10,2cys2his,His2,HisND,CB-CA,1.524617,515.9149
1z84-resseq4-alpha-0-beta-0-gamma-10,2cys2his,Cys1,Cys,Zn-SG,2.295674,138.5953
1z84-resseq4-alpha-0-beta-0-gamma-10,2cys2his,Cys1,Cys,SG-CB,1.825434,320.4842
1z84-resseq4-alpha-0-beta-0-gamma-10,2cys2his,Cys1,Cys,CB-CA,1.514284,519.9548
1z84-resseq4-alpha-0-beta-0-gamma-10,2cys2his,Cys2,Cys,Zn-SG,2.297367,133.3384
1z84-resseq4-alpha-0-beta-0-gamma-10,2cys2his,Cys2,Cys,SG-CB,1.828343,320.3761
1z84-resseq4-alpha-0-beta-0-gamma-10,2cys2his,Cys2,Cys,CB-CA,1.515527,519.6425
1z84-resseq4-alpha-0-beta-0-gamma-20,2cys2his,His1,HisND,Zn-ND1,2.065241,315.0231
1z84-resseq4-alpha-0-beta-0-gamma-20,2cys2his,His1,HisND,ND1-CG,1.379899,625.6491
1z84-resseq4-alpha-0-beta-0-gamma-20,2cys2his,His1,HisND,ND1-CE1,1.319972,866.5304
1z84-resseq4-alpha-0-beta-0-gamma-20,2cys2his,His1,HisND,CE1-NE2,1.335758,897.8984
1z84-resseq4-alpha-0-beta-0-gamma-20,2cys2his,His1,HisND,NE2-CD2,1.368352,791.2483
1z84-resseq4-alpha-0-beta-0-gamma-20,2cys2his,His1,HisND,CD2-CG,1.367152,901.1113
1z84-resseq4-alpha-0-beta-0-gamma-20,2cys2his,His1,HisND,CG-CB,1.491466,683.2231
1z84-resseq4-alpha-0-beta-0-gamma-20,2cys2his,His1,HisND,CB-CA,1.525677,512.0199
1z84-resseq4-alpha-0-beta-0-gamma-20,2cys2his,His2,HisND,Zn-ND1,2.069497,290.9656
1z84-resseq4-alpha-0-beta-0-gamma-20,2cys2his,His2,HisND,ND1-CG,1.380663,630.7936
1z84-resseq4-alpha-0-beta-0-gamma-20,2cys2his,His2,HisND,ND1-CE1,1.319186,866.9057
1z84-resseq4-alpha-0-beta-0-gamma-20,2cys2his,His2,HisND,CE1-NE2,1.335973,897.9144
1z84-resseq4-alpha-0-beta-0-gamma-20,2cys2his,His2,HisND,NE2-CD2,1.369303,793.9628
1z84-resseq4-alpha-0-beta-0-gamma-20,2cys2his,His2,HisND,CD2-CG,1.365691,912.1334
1z84-resseq4-alpha-0-beta-0-gamma-20,2cys2his,His2,HisND,CG-CB,1.487677,697.5727
1z84-resseq4-alpha-0-beta-0-gamma-20,2cys2his,His2,HisND,CB-CA,1.524617,515.8731
1z84-resseq4-alpha-0-beta-0-gamma-20,2cys2his,Cys1,Cys,Zn-SG,2.295674,142.0098
1z84-resseq4-alpha-0-beta-0-gamma-20,2cys2his,Cys1,Cys,SG-CB,1.825434,320.4058
1z84-resseq4-alpha-0-beta-0-gamma-20,2cys2his,Cys1,Cys,CB-CA,1.514284,519.9047
1z84-resseq4-alpha-0-beta-0-gamma-20,2cys2his,Cys2,Cys,Zn-SG,2.297367,134.8361
1z84-resseq4-alpha-0-beta-0-gamma-20,2cys2his,Cys2,Cys,SG-CB,1.828343,324.5711
1z84-resseq4-alpha-0-beta-0-gamma-20,2cys2his,Cys2,Cys,CB-CA,1.515527,519.5896
1z84-resseq4-alpha-0-beta-0-gamma-neg10,2cys2his,His1,HisND,Zn-ND1,2.065241,287.4613
1z84-resseq4-alpha-0-beta-0-gamma-neg10,2cys2his,His1,HisND,ND1-CG,1.379899,632.3615
1z84-resseq4-alpha-0-beta-0-gamma-neg10,2cys2his,His1,HisND,ND1-CE1,1.319972,863.5379
1z84-resseq4-alpha-0-beta-0-gamma-neg10,2cys2his,His1,HisND,CE1-NE2,1.335758,899.1175
1z84-resseq4-alpha-0-beta-0-gamma-neg10,2cys2his,His1,HisND,NE2-CD2,1.368352,793.3704
1z84-resseq4-alpha-0-beta-0-gamma-neg10,2cys2his,His1,HisND,CD2-CG,1.367152,899.3336
1z84-resseq4-alpha-0-beta-0-gamma-neg10,2cys2his,His1,HisND,CG-CB,1.491466,690.7364
1z84-resseq4-alpha-0-beta-0-gamma-neg10,2cys2his,His1,HisND,CB-CA,1.525677,517.3040
1z84-resseq4-alpha-0-beta-0-gamma-neg10,2cys2his,His2,HisND,Zn-ND1,2.069497,293.5588
1z84-resseq4-alpha-0-beta-0-gamma-neg10,2cys2his,His2,HisND,ND1-CG,1.380663,627.4232
1z84-resseq4-alpha-0-beta-0-gamma-neg10,2cys2his,His2,HisND,ND1-CE1,1.319186,868.8156
1z84-resseq4-alpha-0-beta-0-gamma-neg10,2cys2his,His2,HisND,CE1-NE2,1.335973,897.9982
1z84-resseq4-alpha-0-beta-0-gamma-neg10,2cys2his,His2,HisND,NE2-CD2,1.369303,791.1558
1z84-resseq4-alpha-0-beta-0-gamma-neg10,2cys2his,His2,HisND,CD2-CG,1.365691,911.8303
1z84-resseq4-alpha-0-beta-0-gamma-neg10,2cys2his,His2,HisND,CG-CB,1.487677,697.8415
1z84-resseq4-alpha-0-beta-0-gamma-neg10,2cys2his,His2,HisND,CB-CA,1.524617,515.8586
1z84-resseq4-alpha-0-beta-0-gamma-neg10,2cys2his,Cys1,Cys,Zn-SG,2.295674,133.7944
1z84-resseq4-alpha-0-beta-0-gamma-neg10,2cys2his,Cys1,Cys,SG-CB,1.825434,320.2931
1z84-resseq4-alpha-0-beta-0-gamma-neg10,2cys2his,Cys1,Cys,CB-CA,1.514284,520.1746
1z84-resseq4-alpha-0-beta-0-gamma-neg10,2cys2his,Cys2,Cys,Zn-SG,2.297367,133.7850
1z84-resseq4-alpha-0-beta-0-gamma-neg10,2cys2his,Cys2,Cys,SG-CB,1.828343,317.9996
1z84-resseq4-alpha-0-beta-0-gamma-neg10,2cys2his,Cys2,Cys,CB-CA,1.515527,519.6017
1z84-resseq4-alpha-0-beta-0-gamma-neg20,2cys2his,His1,HisND,Zn-ND1,2.065241,278.4319
1z84-resseq4-alpha-0-beta-0-gamma-neg20,2cys2his,His1,HisND,ND1-CG,1.379899,631.3021
1z84-resseq4-alpha-0-beta-0-gamma-neg20,2cys2his,His1,HisND,ND1-CE1,1.319972,858.1686
1z84-resseq4-alpha-0-beta-0-gamma-neg20,2cys2his,His1,HisND,CE1-NE2,1.335758,898.4926
1z84-resseq4-alpha-0-beta-0-gamma-neg20,2cys2his,His1,HisND,NE2-CD2,1.368352,792.8523
1z84-resseq4-alpha-0-beta-0-gamma-neg20,2cys2his,His1,HisND,CD2-CG,1.367152,898.4785
1z84-resseq4-alpha-0-beta-0-gamma-neg20,2cys2his,His1,HisND,CG-CB,1.491466,690.2433
1z84-resseq4-alpha-0-beta-0-gamma-neg20,2cys2his,His1,HisND,CB-CA,1.525677,517.4913
1z84-resseq4-alpha-0-beta-0-gamma-neg20,2cys2his,His2,HisND,Zn-ND1,2.069497,293.5819
1z84-resseq4-alpha-0-beta-0-gamma-neg20,2cys2his,His2,HisND,ND1-CG,1.380663,627.5064
1z84-resseq4-alpha-0-beta-0-gamma-neg20,2cys2his,His2,HisND,ND1-CE1,1.319186,868.7838
1z84-resseq4-alpha-0-beta-0-gamma-neg20,2cys2his,His2,HisND,CE1-NE2,1.335973,897.9299
1z84-resseq4-alpha-0-beta-0-gamma-neg20,2cys2his,His2,HisND,NE2-CD2,1.369303,791.0976
1z84-resseq4-alpha-0-beta-0-gamma-neg20,2cys2his,His2,HisND,CD2-CG,1.365691,911.8624
1z84-resseq4-alpha-0-beta-0-gamma-neg20,2cys2his,His2,HisND,CG-CB,1.487677,697.8078
1z84-resseq4-alpha-0-beta-0-gamma-neg20,2cys2his,His2,HisND,CB-CA,1.524617,515.7810
1z84-resseq4-alpha-0-beta-0-gamma-neg20,2cys2his,Cys1,Cys,Zn-SG,2.295674,133.7155
1z84-resseq4-alpha-0-beta-0-gamma-neg20,2cys2his,Cys1,Cys,SG-CB,1.825434,319.9574
1z84-resseq4-alpha-0-beta-0-gamma-neg20,2cys2his,Cys1,Cys,CB-CA,1.514284,520.2666
1z84-resseq4-alpha-0-beta-0-gamma-neg20,2cys2his,Cys2,Cys,Zn-SG,2.297367,134.7837
1z84-resseq4-alpha-0-beta-0-gamma-neg20,2cys2his,Cys2,Cys,SG-CB,1.828343,317.9661
1z84-resseq4-alpha-0-beta-0-gamma-neg20,2cys2his,Cys2,Cys,CB-CA,1.515527,519.5943
1z84-resseq4-alpha-0-beta-10-gamma-0,2cys2his,His1,HisND,Zn-ND1,2.065241,295.6409
1z84-resseq4-alpha-0-beta-10-gamma-0,2cys2his,His1,HisND,ND1-CG,1.379899,632.4843
1z84-resseq4-alpha-0-beta-10-gamma-0,2cys2his,His1,HisND,ND1-CE1,1.319972,866.9725
1z84-resseq4-alpha-0-beta-10-gamma-0,2cys2his,His1,HisND,CE1-NE2,1.335758,900.0437
1z84-resseq4-alpha-0-beta-10-gamma-0,2cys2his,His1,HisND,NE2-CD2,1.368352,793.8549
1z84-resseq4-alpha-0-beta-10-gamma-0,2cys2his,His1,HisND,CD2-CG,1.367152,900.1296
1z84-resseq4-alpha-0-beta-10-gamma-0,2cys2his,His1,HisND,CG-CB,1.491466,690.3538
1z84-resseq4-alpha-0-beta-10-gamma-0,2cys2his,His1,HisND,CB-CA,1.525677,517.2252
1z84-resseq4-alpha-0-beta-10-gamma-0,2cys2his,His2,HisND,Zn-ND1,2.069497,294.0165
1z84-resseq4-alpha-0-beta-10-gamma-0,2cys2his,His2,HisND,ND1-CG,1.380663,627.4254
1z84-resseq4-alpha-0-beta-10-gamma-0,2cys2his,His2,HisND,ND1-CE1,1.319186,868.6206
1z84-resseq4-alpha-0-beta-10-gamma-0,2cys2his,His2,HisND,CE1-NE2,1.335973,898.4968
1z84-resseq4-alpha-0-beta-10-gamma-0,2cys2his,His2,HisND,NE2-CD2,1.369303,791.0923
1z84-resseq4-alpha-0-beta-10-gamma-0,2cys2his,His2,HisND,CD2-CG,1.365691,911.7953
1z84-resseq4-alpha-0-beta-10-gamma-0,2cys2his,His2,HisND,CG-CB,1.487677,697.8232
1z84-resseq4-alpha-0-beta-10-gamma-0,2cys2his,His2,HisND,CB-CA,1.524617,515.9347
1z84-resseq4-alpha-0-beta-10-gamma-0,2cys2his,Cys1,Cys,Zn-SG,2.295674,137.9632
1z84-resseq4-alpha-0-beta-10-gamma-0,2cys2his,Cys1,Cys,SG-CB,1.825434,320.5309
1z84-resseq4-alpha-0-beta-10-gamma-0,2cys2his,Cys1,Cys,CB-CA,1.514284,520.0655
1z84-resseq4-alpha-0-beta-10-gamma-0,2cys2his,Cys2,Cys,Zn-SG,2.297367,133.4522
1z84-resseq4-alpha-0-beta-10-gamma-0,2cys2his,Cys2,Cys,SG-CB,1.828343,318.4483
1z84-resseq4-alpha-0-beta-10-gamma-0,2cys2his,Cys2,Cys,CB-CA,1.515527,519.5896
1z84-resseq4-alpha-0-beta-20-gamma-0,2cys2his,His1,HisND,Zn-ND1,2.065241,282.6930
1z84-resseq4-alpha-0-beta-20-gamma-0,2cys2his,His1,HisND,ND1-CG,1.379899,632.2813
1z84-resseq4-alpha-0-beta-20-gamma-0,2cys2his,His1,HisND,ND1-CE1,1.319972,865.9265
1z84-resseq4-alpha-0-beta-20-gamma-0,2cys2his,His1,HisND,CE1-NE2,1.335758,898.7865
1z84-resseq4-alpha-0-beta-20-gamma-0,2cys2his,His1,HisND,NE2-CD2,1.368352,793.9232
1z84-resseq4-alpha-0-beta-20-gamma-0,2cys2his,His1,HisND,CD2-CG,1.367152,899.7651
1z84-resseq4-alpha-0-beta-20-gamma-0,2cys2his,His1,HisND,CG-CB,1.491466,690.1207
1z84-resseq4-alpha-0-beta-20-gamma-0,2cys2his,His1,HisND,CB-CA,1.525677,517.4320
1z84-resseq4-alpha-0-beta-20-gamma-0,2cys2his,His2,HisND,Zn-ND1,2.069497,294.3014
1z84-resseq4-alpha-0-beta-20-gamma-0,2cys2his,His2,HisND,ND1-CG,1.380663,627.2036
1z84-resseq4-alpha-0-beta-20-gamma-0,2cys2his,His2,HisND,ND1-CE1,1.319186,868.3634
1z84-resseq4-alpha-0-beta-20-gamma-0,2cys2his,His2,HisND,CE1-NE2,1.335973,898.4551
1z84-resseq4-alpha-0-beta-20-gamma-0,2cys2his,His2,HisND,NE2-CD2,1.369303,791.0148
1z84-resseq4-alpha-0-beta-20-gamma-0,2cys2his,His2,HisND,CD2-CG,1.365691,911.7773
1z84-resseq4-alpha-0-beta-20-gamma-0,2cys2his,His2,HisND,CG-CB,1.487677,697.8147
1z84-resseq4-alpha-0-beta-20-gamma-0,2cys2his,His2,HisND,CB-CA,1.524617,515.9528
1z84-resseq4-alpha-0-beta-20-gamma-0,2cys2his,Cys1,Cys,Zn-SG,2.295674,138.5615
1z84-resseq4-alpha-0-beta-20-gamma-0,2cys2his,Cys1,Cys,SG-CB,1.825434,320.6029
1z84-resseq4-alpha-0-beta-20-gamma-0,2cys2his,Cys1,Cys,CB-CA,1.514284,520.0197
1z84-resseq4-alpha-0-beta-20-gamma-0,2cys2his,Cys2,Cys,Zn-SG,2.297367,133.3655
1z84-resseq4-alpha-0-beta-20-gamma-0,2cys2his,Cys2,Cys,SG-CB,1.828343,318.5239
1z84-resseq4-alpha-0-beta-20-gamma-0,2cys2his,Cys2,Cys,CB-CA,1.515527,519.5790
1z84-resseq4-alpha-0-beta-neg10-gamma-0,2cys2his,His1,HisND,Zn-ND1,2.065241,291.5414
1z84-resseq4-alpha-0-beta-neg10-gamma-0,2cys2his,His1,HisND,ND1-CG,1.379899,632.3733
1z84-resseq4-alpha-0-beta-neg10-gamma-0,2cys2his,His1,HisND,ND1-CE1,1.319972,866.8376
1z84-resseq4-alpha-0-beta-neg10-gamma-0,2cys2his,His1,HisND,CE1-NE2,1.335758,898.8884
1z84-resseq4-alpha-0-beta-neg10-gamma-0,2cys2his,His1,HisND,NE2-CD2,1.368352,793.5342
1z84-resseq4-alpha-0-beta-neg10-gamma-0,2cys2his,His1,HisND,CD2-CG,1.367152,899.6754
1z84-resseq4-alpha-0-beta-neg10-gamma-0,2cys2his,His1,HisND,CG-CB,1.491466,690.1786
1z84-resseq4-alpha-0-beta-neg10-gamma-0,2cys2his,His1,HisND,CB-CA,1.525677,516.6818
1z84-resseq4-alpha-0-beta-neg10-gamma-0,2cys2his,His2,HisND,Zn-ND1,2.069497,292.8004
1z84-resseq4-alpha-0-beta-neg10-gamma-0,2cys2his,His2,HisND,ND1-CG,1.380663,627.7539
1z84-resseq4-alpha-0-beta-neg10-gamma-0,2cys2his,His2,HisND,ND1-CE1,1.319186,869.1442
1z84-resseq4-alpha-0-beta-neg10-gamma-0,2cys2his,His2,HisND,CE1-NE2,1.335973,898.1019
1z84-resseq4-alpha-0-beta-neg10-gamma-0,2cys2his,His2,HisND,NE2-CD2,1.369303,791.4732
1z84-resseq4-alpha-0-beta-neg10-gamma-0,2cys2his,His2,HisND,CD2-CG,1.365691,911.8677
1z84-resseq4-alpha-0-beta-neg10-gamma-0,2cys2his,His2,HisND,CG-CB,1.487677,697.8371
1z84-resseq4-alpha-0-beta-neg10-gamma-0,2cys2his,His2,HisND,CB-CA,1.524617,515.8521
1z84-resseq4-alpha-0-beta-neg10-gamma-0,2cys2his,Cys1,Cys,Zn-SG,2.295674,136.8651
1z84-resseq4-alpha-0-beta-neg10-gamma-0,2cys2his,Cys1,Cys,SG-CB,1.825434,320.4843
1z84-resseq4-alpha-0-beta-neg10-gamma-0,2cys2his,Cys1,Cys,CB-CA,1.514284,520.0505
1z84-resseq4-alpha-0-beta-neg10-gamma-0,2cys2his,Cys2,Cys,Zn-SG,2.297367,133.3220
1z84-resseq4-alpha-0-beta-neg10-gamma-0,2cys2his,Cys2,Cys,SG-CB,1.828343,318.2673
1z84-resseq4-alpha-0-beta-neg10-gamma-0,2cys2his,Cys2,Cys,CB-CA,1.515527,519.6052
1z84-resseq4-alpha-0-beta-neg20-gamma-0,2cys2his,His1,HisND,Zn-ND1,2.065241,274.7847
1z84-resseq4-alpha-0-beta-neg20-gamma-0,2cys2his,His1,HisND,ND1-CG,1.379899,631.9420
1z84-resseq4-alpha-0-beta-neg20-gamma-0,2cys2his,His1,HisND,ND1-CE1,1.319972,865.6430
1z84-resseq4-alpha-0-beta-neg20-gamma-0,2cys2his,His1,HisND,CE1-NE2,1.335758,896.9508
1z84-resseq4-alpha-0-beta-neg20-gamma-0,2cys2his,His1,HisND,NE2-CD2,1.368352,793.4214
1z84-resseq4-alpha-0-beta-neg20-gamma-0,2cys2his,His1,HisND,CD2-CG,1.367152,899.4090
1z84-resseq4-alpha-0-beta-neg20-gamma-0,2cys2his,His1,HisND,CG-CB,1.491466,690.2819
1z84-resseq4-alpha-0-beta-neg20-gamma-0,2cys2his,His1,HisND,CB-CA,1.525677,516.4429
1z84-resseq4-alpha-0-beta-neg20-gamma-0,2cys2his,His2,HisND,Zn-ND1,2.069497,292.1563
1z84-resseq4-alpha-0-beta-neg20-gamma-0,2cys2his,His2,HisND,ND1-CG,1.380663,628.1125
1z84-resseq4-alpha-0-beta-neg20-gamma-0,2cys2his,His2,HisND,ND1-CE1,1.319186,869.1068
1z84-resseq4-alpha-0-beta-neg20-gamma-0,2cys2his,His2,HisND,CE1-NE2,1.335973,898.0183
1z84-resseq4-alpha-0-beta-neg20-gamma-0,2cys2his,His2,HisND,NE2-CD2,1.369303,791.7753
1z84-resseq4-alpha-0-beta-neg20-gamma-0,2cys2his,His2,HisND,CD2-CG,1.365691,911.8420
1z84-resseq4-alpha-0-beta-neg20-gamma-0,2cys2his,His2,HisND,CG-CB,1.487677,697.7902
1z84-resseq4-alpha-0-beta-neg20-gamma-0,2cys2his,His2,HisND,CB-CA,1.524617,515.8031
1z84-resseq4-alpha-0-beta-neg20-gamma-0,2cys2his,Cys1,Cys,Zn-SG,2.295674,136.8824
1z84-resseq4-alpha-0-beta-neg20-gamma-0,2cys2his,Cys1,Cys,SG-CB,1.825434,320.4302
1z84-resseq4-alpha-0-beta-neg20-gamma-0,2cys2his,Cys1,Cys,CB-CA,1.514284,520.0427
1z84-resseq4-alpha-0-beta-neg20-gamma-0,2cys2his,Cys2,Cys,Zn-SG,2.297367,133.4062
1z84-resseq4-alpha-0-beta-neg20-gamma-0,2cys2his,Cys2,Cys,SG-CB,1.828343,318.1585
1z84-resseq4-alpha-0-beta-neg20-gamma-0,2cys2his,Cys2,Cys,CB-CA,1.515527,519.6061
1z84-resseq4-alpha-10-beta-0-gamma-0,2cys2his,His1,HisND,Zn-ND1,2.065241,299.0519
1z84-resseq4-alpha-10-beta-0-gamma-0,2cys2his,His1,HisND,ND1-CG,1.379899,632.9540
1z84-resseq4-alpha-10-beta-0-gamma-0,2cys2his,His1,HisND,ND1-CE1,1.319972,867.5665
1z84-resseq4-alpha-10-beta-0-gamma-0,2cys2his,His1,HisND,CE1-NE2,1.335758,900.4457
1z84-resseq4-alpha-10-beta-0-gamma-0,2cys2his,His1,HisND,NE2-CD2,1.368352,793.7605
1z84-resseq4-alpha-10-beta-0-gamma-0,2cys2his,His1,HisND,CD2-CG,1.367152,900.2731
1z84-resseq4-alpha-10-beta-0-gamma-0,2cys2his,His1,HisND,CG-CB,1.491466,690.7298
1z84-resseq4-alpha-10-beta-0-gamma-0,2cys2his,His1,HisND,CB-CA,1.525677,516.9434
1z84-resseq4-alpha-10-beta-0-gamma-0,2cys2his,His2,HisND,Zn-ND1,2.069497,293.9238
1z84-resseq4-alpha-10-beta-0-gamma-0,2cys2his,His2,HisND,ND1-CG,1.380663,627.8241
1z84-resseq4-alpha-10-beta-0-gamma-0,2cys2his,His2,HisND,ND1-CE1,1.319186,868.5995
1z84-resseq4-alpha-10-beta-0-gamma-0,2cys2his,His2,HisND,CE1-NE2,1.335973,898.6915
1z84-resseq4-alpha-10-beta-0-gamma-0,2cys2his,His2,HisND,NE2-CD2,1.369303,791.2701
1z84-resseq4-alpha-10-beta-0-gamma-0,2cys2his,His2,HisND,CD2-CG,1.365691,911.8189
1z84-resseq4-alpha-10-beta-0-gamma-0,2cys2his,His2,HisND,CG-CB,1.487677,697.8086
1z84-resseq4-alpha-10-beta-0-gamma-0,2cys2his,His2,HisND,CB-CA,1.524617,515.8971
1z84-resseq4-alpha-10-beta-0-gamma-0,2cys2his,Cys1,Cys,Zn-SG,2.295674,138.2770
1z84-resseq4-alpha-10-beta-0-gamma-0,2cys2his,Cys1,Cys,SG-CB,1.825434,320.4962
1z84-resseq4-alpha-10-beta-0-gamma-0,2cys2his,Cys1,Cys,CB-CA,1.514284,519.9929
1z84-resseq4-alpha-10-beta-0-gamma-0,2cys2his,Cys2,Cys,Zn-SG,2.297367,132.7601
1z84-resseq4-alpha-10-beta-0-gamma-0,2cys2his,Cys2,Cys,SG-CB,1.828343,317.9940
1z84-resseq4-alpha-10-beta-0-gamma-0,2cys2his,Cys2,Cys,CB-CA,1.515527,519.5831
1z84-resseq4-alpha-20-beta-0-gamma-0,2cys2his,His1,HisND,Zn-ND1,2.065241,298.5397
1z84-resseq4-alpha-20-beta-0-gamma-0,2cys2his,His1,HisND,ND1-CG,1.379899,632.8471
1z84-resseq4-alpha-20-beta-0-gamma-0,2cys2his,His1,HisND,ND1-CE1,1.319972,867.4949
1z84-resseq4-alpha-20-beta-0-gamma-0,2cys2his,His1,HisND,CE1-NE2,1.335758,900.1661
1z84-resseq4-alpha-20-beta-0-gamma-0,2cys2his,His1,HisND,NE2-CD2,1.368352,793.4215
1z84-resseq4-alpha-20-beta-0-gamma-0,2cys2his,His1,HisND,CD2-CG,1.367152,900.1551
1z84-resseq4-alpha-20-beta-0-gamma-0,2cys2his,His1,HisND,CG-CB,1.491466,691.1628
1z84-resseq4-alpha-20-beta-0-gamma-0,2cys2his,His1,HisND,CB-CA,1.525677,516.9549
1z84-resseq4-alpha-20-beta-0-gamma-0,2cys2his,His2,HisND,Zn-ND1,2.069497,294.1908
1z84-resseq4-alpha-20-beta-0-gamma-0,2cys2his,His2,HisND,ND1-CG,1.380663,628.2162
1z84-resseq4-alpha-20-beta-0-gamma-0,2cys2his,His2,HisND,ND1-CE1,1.319186,867.8605
1z84-resseq4-alpha-20-beta-0-gamma-0,2cys2his,His2,HisND,CE1-NE2,1.335973,898.4732
1z84-resseq4-alpha-20-beta-0-gamma-0,2cys2his,His2,HisND,NE2-CD2,1.369303,791.1806
1z84-resseq4-alpha-20-beta-0-gamma-0,2cys2his,His2,HisND,CD2-CG,1.365691,911.7753
1z84-resseq4-alpha-20-beta-0-gamma-0,2cys2his,His2,HisND,CG-CB,1.487677,697.7763
1z84-resseq4-alpha-20-beta-0-gamma-0,2cys2his,His2,HisND,CB-CA,1.524617,515.9050
1z84-resseq4-alpha-20-beta-0-gamma-0,2cys2his,Cys1,Cys,Zn-SG,2.295674,137.0727
1z84-resseq4-alpha-20-beta-0-gamma-0,2cys2his,Cys1,Cys,SG-CB,1.825434,320.5466
1z84-resseq4-alpha-20-beta-0-gamma-0,2cys2his,Cys1,Cys,CB-CA,1.514284,519.9956
1z84-resseq4-alpha-20-beta-0-gamma-0,2cys2his,Cys2,Cys,Zn-SG,2.297367,132.2925
1z84-resseq4-alpha-20-beta-0-gamma-0,2cys2his,Cys2,Cys,SG-CB,1.828343,317.9232
1z84-resseq4-alpha-20-beta-0-gamma-0,2cys2his,Cys2,Cys,CB-CA,1.515527,519.5677
1z84-resseq4-alpha-neg10-beta-0-gamma-0,2cys2his,His1,HisND,Zn-ND1,2.065241,297.3997
1z84-resseq4-alpha-neg10-beta-0-gamma-0,2cys2his,His1,HisND,ND1-CG,1.379899,632.1188
1z84-resseq4-alpha-neg10-beta-0-gamma-0,2cys2his,His1,HisND,ND1-CE1,1.319972,866.3743
1z84-resseq4-alpha-neg10-beta-0-gamma-0,2cys2his,His1,HisND,CE1-NE2,1.335758,900.2263
1z84-resseq4-alpha-neg10-beta-0-gamma-0,2cys2his,His1,HisND,NE2-CD2,1.368352,793.1647
1z84-resseq4-alpha-neg10-beta-0-gamma-0,2cys2his,His1,HisND,CD2-CG,1.367152,899.7991
1z84-resseq4-alpha-neg10-beta-0-gamma-0,2cys2his,His1,HisND,CG-CB,1.491466,689.2991
1z84-resseq4-alpha-neg10-beta-0-gamma-0,2cys2his,His1,HisND,CB-CA,1.525677,517.0750
1z84-resseq4-alpha-neg10-beta-0-gamma-0,2cys2his,His2,HisND,Zn-ND1,2.069497,293.0945
1z84-resseq4-alpha-neg10-beta-0-gamma-0,2cys2his,His2,HisND,ND1-CG,1.380663,627.4685
1z84-resseq4-alpha-neg10-beta-0-gamma-0,2cys2his,His2,HisND,ND1-CE1,1.319186,869.0534
1z84-resseq4-alpha-neg10-beta-0-gamma-0,2cys2his,His2,HisND,CE1-NE2,1.335973,898.1265
1z84-resseq4-alpha-neg10-beta-0-gamma-0,2cys2his,His2,HisND,NE2-CD2,1.369303,791.2386
1z84-resseq4-alpha-neg10-beta-0-gamma-0,2cys2his,His2,HisND,CD2-CG,1.365691,911.8319
1z84-resseq4-alpha-neg10-beta-0-gamma-0,2cys2his,His2,HisND,CG-CB,1.487677,697.8397
1z84-resseq4-alpha-neg10-beta-0-gamma-0,2cys2his,His2,HisND,CB-CA,1.524617,515.9070
1z84-resseq4-alpha-neg10-beta-0-gamma-0,2cys2his,Cys1,Cys,Zn-SG,2.295674,136.2048
1z84-resseq4-alpha-neg10-beta-0-gamma-0,2cys2his,Cys1,Cys,SG-CB,1.825434,320.3785
1z84-resseq4-alpha-neg10-beta-0-gamma-0,2cys2his,Cys1,Cys,CB-CA,1.514284,520.0397
1z84-resseq4-alpha-neg10-beta-0-gamma-0,2cys2his,Cys2,Cys,Zn-SG,2.297367,134.0298
1z84-resseq4-alpha-neg10-beta-0-gamma-0,2cys2his,Cys2,Cys,SG-CB,1.828343,319.1110
1z84-resseq4-alpha-neg10-beta-0-gamma-0,2cys2his,Cys2,Cys,CB-CA,1.515527,519.6227
1z84-resseq4-alpha-neg20-beta-0-gamma-0,2cys2his,His1,HisND,Zn-ND1,2.065241,296.8354
1z84-resseq4-alpha-neg20-beta-0-gamma-0,2cys2his,His1,HisND,ND1-CG,1.379899,631.9840
1z84-resseq4-alpha-neg20-beta-0-gamma-0,2cys2his,His1,HisND,ND1-CE1,1.319972,865.5620
1z84-resseq4-alpha-neg20-beta-0-gamma-0,2cys2his,His1,HisND,CE1-NE2,1.335758,900.3222
1z84-resseq4-alpha-neg20-beta-0-gamma-0,2cys2his,His1,HisND,NE2-CD2,1.368352,793.2924
1z84-resseq4-alpha-neg20-beta-0-gamma-0,2cys2his,His1,HisND,CD2-CG,1.367152,899.7386
1z84-resseq4-alpha-neg20-beta-0-gamma-0,2cys2his,His1,HisND,CG-CB,1.491466,688.9733
1z84-resseq4-alpha-neg20-beta-0-gamma-0,2cys2his,His1,HisND,CB-CA,1.525677,516.8675
1z84-resseq4-alpha-neg20-beta-0-gamma-0,2cys2his,His2,HisND,Zn-ND1,2.069497,292.7365
1z84-resseq4-alpha-neg20-beta-0-gamma-0,2cys2his,His2,HisND,ND1-CG,1.380663,627.3655
1z84-resseq4-alpha-neg20-beta-0-gamma-0,2cys2his,His2,HisND,ND1-CE1,1.319186,869.1342
1z84-resseq4-alpha-neg20-beta-0-gamma-0,2cys2his,His2,HisND,CE1-NE2,1.335973,898.0134
1z84-resseq4-alpha-neg20-beta-0-gamma-0,2cys2his,His2,HisND,NE2-CD2,1.369303,791.1349
1z84-resseq4-alpha-neg20-beta-0-gamma-0,2cys2his,His2,HisND,CD2-CG,1.365691,911.8216
1z84-resseq4-alpha-neg20-beta-0-gamma-0,2cys2his,His2,HisND,CG-CB,1.487677,697.8236
1z84-resseq4-alpha-neg20-beta-0-gamma-0,2cys2his,His2,HisND,CB-CA,1.524617,515.9595
1z84-resseq4-alpha-neg20-beta-0-gamma-0,2cys2his,Cys1,Cys,Zn-SG,2.295674,135.8961
1z84-resseq4-alpha-neg20-beta-0-gamma-0,2cys2his,Cys1,Cys,SG-CB,1.825434,320.4400
1z84-resseq4-alpha-neg20-beta-0-gamma-0,2cys2his,Cys1,Cys,CB-CA,1.514284,520.0457
1z84-resseq4-alpha-neg20-beta-0-gamma-0,2cys2his,Cys2,Cys,Zn-SG,2.297367,134.8049
1z84-resseq4-alpha-neg20-beta-0-gamma-0,2cys2his,Cys2,Cys,SG-CB,1.828343,320.2886
1z84-resseq4-alpha-neg20-beta-0-gamma-0,2cys2his,Cys2,Cys,CB-CA,1.515527,519.6521
CCx39Hx26H-LLLH-2eg3-cluster1,2cys2his,His1,HisNE,Zn-NE2,2.057212,304.0014
CCx39Hx26H-LLLH-2eg3-cluster1,2cys2his,His1,HisNE,NE2-CE1,1.315955,883.5418
CCx39Hx26H-LLLH-2eg3-cluster1,2cys2his,His1,HisNE,NE2-CD2,1.376429,661.3736
CCx39Hx26H-LLLH-2eg3-cluster1,2cys2his,His1,HisNE,CE1-ND1,1.339649,888.0236
CCx39Hx26H-LLLH-2eg3-cluster1,2cys2his,His1,HisNE,ND1-CG,1.373064,751.4194
CCx39Hx26H-LLLH-2eg3-cluster1,2cys2his,His1,HisNE,CD2-CG,1.366777,905.2472
CCx39Hx26H-LLLH-2eg3-cluster1,2cys2his,His1,HisNE,CG-CB,1.486864,700.6551
CCx39Hx26H-LLLH-2eg3-cluster1,2cys2his,His1,HisNE,CB-CA,1.517940,548.0380
CCx39Hx26H-LLLH-2eg3-cluster1,2cys2his,His2,HisND,Zn-ND1,2.079451,286.4163
CCx39Hx26H-LLLH-2eg3-cluster1,2cys2his,His2,HisND,ND1-CG,1.380615,624.9562
CCx39Hx26H-LLLH-2eg3-cluster1,2cys2his,His2,HisND,ND1-CE1,1.319245,869.8216
CCx39Hx26H-LLLH-2eg3-cluster1,2cys2his,His2,HisND,CE1-NE2,1.336251,897.6979
CCx39Hx26H-LLLH-2eg3-cluster1,2cys2his,His2,HisND,NE2-CD2,1.368868,791.8218
CCx39Hx26H-LLLH-2eg3-cluster1,2cys2his,His2,HisND,CD2-CG,1.365516,912.6773
CCx39Hx26H-LLLH-2eg3-cluster1,2cys2his,His2,HisND,CG-CB,1.487212,699.1933
CCx39Hx26H-LLLH-2eg3-cluster1,2cys2his,His2,HisND,CB-CA,1.523980,517.9747
CCx39Hx26H-LLLH-2eg3-cluster1,2cys2his,Cys1,Cys,Zn-SG,2.295624,134.5882
CCx39Hx26H-LLLH-2eg3-cluster1,2cys2his,Cys1,Cys,SG-CB,1.828062,317.2959
CCx39Hx26H-LLLH-2eg3-cluster1,2cys2his,Cys1,Cys,CB-CA,1.515695,517.4129
CCx39Hx26H-LLLH-2eg3-cluster1,2cys2his,Cys2,Cys,Zn-SG,2.304264,131.0572
CCx39Hx26H-LLLH-2eg3-cluster1,2cys2his,Cys2,Cys,SG-CB,1.831103,315.9315
CCx39Hx26H-LLLH-2eg3-cluster1,2cys2his,Cys2,Cys,CB-CA,1.515563,517.6790
Cx15CHx15H-LLLL-1ia6-cluster1,2cys2his,His1,HisND,Zn-ND1,2.040479,319.1271
Cx15CHx15H-LLLL-1ia6-cluster1,2cys2his,His1,HisND,ND1-CG,1.377178,639.5781
Cx15CHx15H-LLLL-1ia6-cluster1,2cys2his,His1,HisND,ND1-CE1,1.318312,880.1367
Cx15CHx15H-LLLL-1ia6-cluster1,2cys2his,His1,HisND,CE1-NE2,1.336465,896.6213
Cx15CHx15H-LLLL-1ia6-cluster1,2cys2his,His1,HisND,NE2-CD2,1.370403,786.1212
Cx15CHx15H-LLLL-1ia6-cluster1,2cys2his,His1,HisND,CD2-CG,1.365874,913.0565
Cx15CHx15H-LLLL-1ia6-cluster1,2cys2his,His1,HisND,CG-CB,1.487276,701.7624
Cx15CHx15H-LLLL-1ia6-cluster1,2cys2his,His1,HisND,CB-CA,1.514361,553.3080
Cx15CHx15H-LLLL-1ia6-cluster1,2cys2his,His2,HisNE,Zn-NE2,2.048077,313.8977
Cx15CHx15H-LLLL-1ia6-cluster1,2cys2his,His2,HisNE,NE2-CE1,1.315727,887.6915
Cx15CHx15H-LLLL-1ia6-cluster1,2cys2his,His2,HisNE,NE2-CD2,1.374727,666.7271
Cx15CHx15H-LLLL-1ia6-cluster1,2cys2his,His2,HisNE,CE1-ND1,1.340979,881.1763
Cx15CHx15H-LLLL-1ia6-cluster1,2cys2his,His2,HisNE,ND1-CG,1.373503,752.7250
Cx15CHx15H-LLLL-1ia6-cluster1,2cys2his,His2,HisNE,CD2-CG,1.364861,913.7017
Cx15CHx15H-LLLL-1ia6-cluster1,2cys2his,His2,HisNE,CG-CB,1.485567,704.3995
Cx15CHx15H-LLLL-1ia6-cluster1,2cys2his,His2,HisNE,CB-CA,1.519226,543.6512
Cx15CHx15H-LLLL-1ia6-cluster1,2cys2his,Cys1,Cys,Zn-SG,2.309286,127.9091
Cx15CHx15H-LLLL-1ia6-cluster1,2cys2his,Cys1,Cys,SG-CB,1.822607,324.0788
Cx15CHx15H-LLLL-1ia6-cluster1,2cys2his,Cys1,Cys,CB-CA,1.512673,524.9843
Cx15CHx15H-LLLL-1ia6-cluster1,2cys2his,Cys2,Cys,Zn-SG,2.312262,127.2417
Cx15CHx15H-LLLL-1ia6-cluster1,2cys2his,Cys2,Cys,SG-CB,1.828559,317.5379
Cx15CHx15H-LLLL-1ia6-cluster1,2cys2his,Cys2,Cys,CB-CA,1.516749,514.7876
Cx17CHx22H-LLLL-1clc-cluster1,2cys2his,His1,HisNE,Zn-NE2,2.059370,307.2235
Cx17CHx22H-LLLL-1clc-cluster1,2cys2his,His1,HisNE,NE2-CE1,1.315366,887.8243
Cx17CHx22H-LLLL-1clc-cluster1,2cys2his,His1,HisNE,NE2-CD2,1.373567,668.9486
Cx17CHx22H-LLLL-1clc-cluster1,2cys2his,His1,HisNE,CE1-ND1,1.340289,884.4572
Cx17CHx22H-LLLL-1clc-cluster1,2cys2his,His1,HisNE,ND1-CG,1.373308,749.7291
Cx17CHx22H-LLLL-1clc-cluster1,2cys2his,His1,HisNE,CD2-CG,1.364837,915.5975
Cx17CHx22H-LLLL-1clc-cluster1,2cys2his,His1,HisNE,CG-CB,1.483024,709.4300
Cx17CHx22H-LLLL-1clc-cluster1,2cys2his,His1,HisNE,CB-CA,1.524463,516.7105
Cx17CHx22H-LLLL-1clc-cluster1,2cys2his,His2,HisND,Zn-ND1,2.068762,292.3781
Cx17CHx22H-LLLL-1clc-cluster1,2cys2his,His2,HisND,ND1-CG,1.379210,634.4126
Cx17CHx22H-LLLL-1clc-cluster1,2cys2his,His2,HisND,ND1-CE1,1.319851,864.5895
Cx17CHx22H-LLLL-1clc-cluster1,2cys2his,His2,HisND,CE1-NE2,1.335751,899.4197
Cx17CHx22H-LLLL-1clc-cluster1,2cys2his,His2,HisND,NE2-CD2,1.369084,791.0234
Cx17CHx22H-LLLL-1clc-cluster1,2cys2his,His2,HisND,CD2-CG,1.365831,910.2743
Cx17CHx22H-LLLL-1clc-cluster1,2cys2his,His2,HisND,CG-CB,1.486437,700.6599
Cx17CHx22H-LLLL-1clc-cluster1,2cys2his,His2,HisND,CB-CA,1.525273,513.4314
Cx17CHx22H-LLLL-1clc-cluster1,2cys2his,Cys1,Cys,Zn-SG,2.295977,137.5072
Cx17CHx22H-LLLL-1clc-cluster1,2cys2his,Cys1,Cys,SG-CB,1.828258,315.1314
Cx17CHx22H-LLLL-1clc-cluster1,2cys2his,Cys1,Cys,CB-CA,1.515325,517.4912
Cx17CHx22H-LLLL-1clc-cluster1,2cys2his,Cys2,Cys,Zn-SG,2.311187,123.8375
Cx17CHx22H-LLLL-1clc-cluster1,2cys2his,Cys2,Cys,SG-CB,1.824869,320.5853
Cx17CHx22H-LLLL-1clc-cluster1,2cys2his,Cys2,Cys,CB-CA,1.513413,522.6040
Cx18Cx4Hx55H-LSSL-1eh6-cluster1,2cys2his,His1,HisNE,Zn-NE2,2.042012,319.7788
Cx18Cx4Hx55H-LSSL-1eh6-cluster1,2cys2his,His1,HisNE,NE2-CE1,1.316016,886.3374
Cx18Cx4Hx55H-LSSL-1eh6-cluster1,2cys2his,His1,HisNE,NE2-CD2,1.372367,672.7035
Cx18Cx4Hx55H-LSSL-1eh6-cluster1,2cys2his,His1,HisNE,CE1-ND1,1.340847,881.2572
Cx18Cx4Hx55H-LSSL-1eh6-cluster1,2cys2his,His1,HisNE,ND1-CG,1.373002,752.4678
Cx18Cx4Hx55H-LSSL-1eh6-cluster1,2cys2his,His1,HisNE,CD2-CG,1.363908,918.2694
Cx18Cx4Hx55H-LSSL-1eh6-cluster1,2cys2his,His1,HisNE,CG-CB,1.482390,712.3024
Cx18Cx4Hx55H-LSSL-1eh6-cluster1,2cys2his,His1,HisNE,CB-CA,1.524728,514.2419
Cx18Cx4Hx55H-LSSL-1eh6-cluster1,2cys2his,His2,HisND,Zn-ND1,2.064244,296.7126
Cx18Cx4Hx55H-LSSL-1eh6-cluster1,2cys2his,His2,HisND,ND1-CG,1.379778,631.5872
Cx18Cx4Hx55H-LSSL-1eh6-cluster1,2cys2his,His2,HisND,ND1-CE1,1.319155,872.1629
Cx18Cx4Hx55H-LSSL-1eh6-cluster1,2cys2his,His2,HisND,CE1-NE2,1.335454,901.6722
Cx18Cx4Hx55H-LSSL-1eh6-cluster1,2cys2his,His2,HisND,NE2-CD2,1.370217,788.4687
Cx18Cx4Hx55H-LSSL-1eh6-cluster1,2cys2his,His2,HisND,CD2-CG,1.366007,911.4139
Cx18Cx4Hx55H-LSSL-1eh6-cluster1,2cys2his,His2,HisND,CG-CB,1.487560,698.9502
Cx18Cx4Hx55H-LSSL-1eh6-cluster1,2cys2his,His2,HisND,CB-CA,1.518754,546.7381
Cx18Cx4Hx55H-LSSL-1eh6-cluster1,2cys2his,Cys1,Cys,Zn-SG,2.293645,135.3871
Cx18Cx4Hx55H-LSSL-1eh6-cluster1,2cys2his,Cys1,Cys,SG-CB,1.830077,316.2477
Cx18Cx4Hx55H-LSSL-1eh6-cluster1,2cys2his,Cys1,Cys,CB-CA,1.516779,517.0424
Cx18Cx4Hx55H-LSSL-1eh6-cluster1,2cys2his,Cys2,Cys,Zn-SG,2.296112,133.0778
Cx18Cx4Hx55H-LSSL-1eh6-cluster1,2cys2his,Cys2,Cys,SG-CB,1.828286,318.5638
Cx18Cx4Hx55H-LSSL-1eh6-cluster1,2cys2his,Cys2,Cys,CB-CA,1.513937,521.2739
Cx2Cx12Hx3H-LLHH-1a1g-cluster2,2cys2his,His1,HisNE,Zn-NE2,2.048202,311.7423
Cx2Cx12Hx3H-LLHH-1a1g-cluster2,2cys2his,His1,HisNE,NE2-CE1,1.315790,884.5869
Cx2Cx12Hx3H-LLHH-1a1g-cluster2,2cys2his,His1,HisNE,NE2-CD2,1.374043,669.2686
Cx2Cx12Hx3H-LLHH-1a1g-cluster2,2cys2his,His1,HisNE,CE1-ND1,1.340257,883.6492
Cx2Cx12Hx3H-LLHH-1a1g-cluster2,2cys2his,His1,HisNE,ND1-CG,1.373634,748.0620
Cx2Cx12Hx3H-LLHH-1a1g-cluster2,2cys2his,His1,HisNE,CD2-CG,1.365212,913.0348
Cx2Cx12Hx3H-LLHH-1a1g-cluster2,2cys2his,His1,HisNE,CG-CB,1.484253,706.3803
Cx2Cx12Hx3H-LLHH-1a1g-cluster2,2cys2his,His1,HisNE,CB-CA,1.525386,515.8139
Cx2Cx12Hx3H-LLHH-1a1g-cluster2,2cys2his,His2,HisNE,Zn-NE2,2.060589,307.3127
Cx2Cx12Hx3H-LLHH-1a1g-cluster2,2cys2his,His2,HisNE,NE2-CE1,1.315907,885.0324
Cx2Cx12Hx3H-LLHH-1a1g-cluster2,2cys2his,His2,HisNE,NE2-CD2,1.374059,665.1565
Cx2Cx12Hx3H-LLHH-1a1g-cluster2,2cys2his,His2,HisNE,CE1-ND1,1.341144,879.6321
Cx2Cx12Hx3H-LLHH-1a1g-cluster2,2cys2his,His2,HisNE,ND1-CG,1.373767,747.6683
Cx2Cx12Hx3H-LLHH-1a1g-cluster2,2cys2his,His2,HisNE,CD2-CG,1.365396,912.3547
Cx2Cx12Hx3H-LLHH-1a1g-cluster2,2cys2his,His2,HisNE,CG-CB,1.485326,703.7619
Cx2Cx12Hx3H-LLHH-1a1g-cluster2,2cys2his,His2,HisNE,CB-CA,1.526030,514.9918
Cx2Cx12Hx3H-LLHH-1a1g-cluster2,2cys2his,Cys1,Cys,Zn-SG,2.294695,134.8086
Cx2Cx12Hx3H-LLHH-1a1g-cluster2,2cys2his,Cys1,Cys,SG-CB,1.827992,317.5200
Cx2Cx12Hx3H-LLHH-1a1g-cluster2,2cys2his,Cys1,Cys,CB-CA,1.514576,523.4177
Cx2Cx12Hx3H-LLHH-1a1g-cluster2,2cys2his,Cys2,Cys,Zn-SG,2.295615,134.3307
Cx2Cx12Hx3H-LLHH-1a1g-cluster2,2cys2his,Cys2,Cys,SG-CB,1.828807,314.6286
Cx2Cx12Hx3H-LLHH-1a1g-cluster2,2cys2his,Cys2,Cys,CB-CA,1.515815,516.4842
Cx2Cx12Hx4H-LLHH-1llm-cluster2,2cys2his,His1,HisNE,Zn-NE2,2.047688,314.4716
Cx2Cx12Hx4H-LLHH-1llm-cluster2,2cys2his,His1,HisNE,NE2-CE1,1.315611,886.5452
Cx2Cx12Hx4H-LLHH-1llm-cluster2,2cys2his,His1,HisNE,NE2-CD2,1.373827,669.3293
Cx2Cx12Hx4H-LLHH-1llm-cluster2,2cys2his,His1,HisNE,CE1-ND1,1.340632,882.2890
Cx2Cx12Hx4H-LLHH-1llm-cluster2,2cys2his,His1,HisNE,ND1-CG,1.373454,749.7832
Cx2Cx12Hx4H-LLHH-1llm-cluster2,2cys2his,His1,HisNE,CD2-CG,1.364923,914.0334
Cx2Cx12Hx4H-LLHH-1llm-cluster2,2cys2his,His1,HisNE,CG-CB,1.483894,707.2404
Cx2Cx12Hx4H-LLHH-1llm-cluster2,2cys2his,His1,HisNE,CB-CA,1.525426,514.4600
Cx2Cx12Hx4H-LLHH-1llm-cluster2,2cys2his,His2,HisNE,Zn-NE2,2.061268,304.7399
Cx2Cx12Hx4H-LLHH-1llm-cluster2,2cys2his,His2,HisNE,NE2-CE1,1.315922,884.3557
Cx2Cx12Hx4H-LLHH-1llm-cluster2,2cys2his,His2,HisNE,NE2-CD2,1.373978,665.6877
Cx2Cx12Hx4H-LLHH-1llm-cluster2,2cys2his,His2,HisNE,CE1-ND1,1.340978,879.7734
Cx2Cx12Hx4H-LLHH-1llm-cluster2,2cys2his,His2,HisNE,ND1-CG,1.373821,747.8665
Cx2Cx12Hx4H-LLHH-1llm-cluster2,2cys2his,His2,HisNE,CD2-CG,1.365721,910.5011
Cx2Cx12Hx4H-LLHH-1llm-cluster2,2cys2his,His2,HisNE,CG-CB,1.485599,702.8627
Cx2Cx12Hx4H-LLHH-1llm-cluster2,2cys2his,His2,HisNE,CB-CA,1.526187,514.7087
Cx2Cx12Hx4H-LLHH-1llm-cluster2,2cys2his,Cys1,Cys,Zn-SG,2.292361,136.7552
Cx2Cx12Hx4H-LLHH-1llm-cluster2,2cys2his,Cys1,Cys,SG-CB,1.826892,319.6694
Cx2Cx12Hx4H-LLHH-1llm-cluster2,2cys2his,Cys1,Cys,CB-CA,1.513994,524.5506
Cx2Cx12Hx4H-LLHH-1llm-cluster2,2cys2his,Cys2,Cys,Zn-SG,2.292851,134.9906
Cx2Cx12Hx4H-LLHH-1llm-cluster2,2cys2his,Cys2,Cys,SG-CB,1.828511,315.4947
Cx2Cx12Hx4H-LLHH-1llm-cluster2,2cys2his,Cys2,Cys,CB-CA,1.515809,516.6374
Cx2Cx13Cx2C-LLHH-1dsz-cluster1,4cys,Cys1,Cys,Zn-SG,2.360003,99.9979
Cx2Cx13Cx2C-LLHH-1dsz-cluster1,4cys,Cys1,Cys,SG-CB,1.825925,320.9815
Cx2Cx13Cx2C-LLHH-1dsz-cluster1,4cys,Cys1,Cys,CB-CA,1.516576,516.7598
Cx2Cx13Cx2C-LLHH-1dsz-cluster1,4cys,Cys2,Cys,Zn-SG,2.362083,96.7564
Cx2Cx13Cx2C-LLHH-1dsz-cluster1,4cys,Cys2,Cys,SG-CB,1.828307,317.7118
Cx2Cx13Cx2C-LLHH-1dsz-cluster1,4cys,Cys2,Cys,CB-CA,1.516195,515.0545
Cx2Cx13Cx2C-LLHH-1dsz-cluster1,4cys,Cys3,Cys,Zn-SG,2.364219,94.5322
Cx2Cx13Cx2C-LLHH-1dsz-cluster1,4cys,Cys3,Cys,SG-CB,1.829499,315.5878
Cx2Cx13Cx2C-LLHH-1dsz-cluster1,4cys,Cys3,Cys,CB-CA,1.516393,514.6810
Cx2Cx13Cx2C-LLHH-1dsz-cluster1,4cys,Cys4,Cys,Zn-SG,2.364581,99.1883
Cx2Cx13Cx2C-LLHH-1dsz-cluster1,4cys,Cys4,Cys,SG-CB,1.827226,320.3862
Cx2Cx13Cx2C-LLHH-1dsz-cluster1,4cys,Cys4,Cys,CB-CA,1.516792,513.1746
Cx2Cx17Cx2C-LLHH-13sb-cluster2,4cys,Cys1,Cys,Zn-SG,2.351906,100.6443
Cx2Cx17Cx2C-LLHH-13sb-cluster2,4cys,Cys1,Cys,SG-CB,1.827337,318.8482
Cx2Cx17Cx2C-LLHH-13sb-cluster2,4cys,Cys1,Cys,CB-CA,1.515446,516.8498
Cx2Cx17Cx2C-LLHH-13sb-cluster2,4cys,Cys2,Cys,Zn-SG,2.362258,96.5736
Cx2Cx17Cx2C-LLHH-13sb-cluster2,4cys,Cys2,Cys,SG-CB,1.825713,322.0020
Cx2Cx17Cx2C-LLHH-13sb-cluster2,4cys,Cys2,Cys,CB-CA,1.513955,522.4046
Cx2Cx17Cx2C-LLHH-13sb-cluster2,4cys,Cys3,Cys,Zn-SG,2.373317,92.1154
Cx2Cx17Cx2C-LLHH-13sb-cluster2,4cys,Cys3,Cys,SG-CB,1.830089,313.7688
Cx2Cx17Cx2C-LLHH-13sb-cluster2,4cys,Cys3,Cys,CB-CA,1.517916,509.8968
Cx2Cx17Cx2C-LLHH-13sb-cluster2,4cys,Cys4,Cys,Zn-SG,2.380564,92.4498
Cx2Cx17Cx2C-LLHH-13sb-cluster2,4cys,Cys4,Cys,SG-CB,1.829970,316.4863
Cx2Cx17Cx2C-LLHH-13sb-cluster2,4cys,Cys4,Cys,CB-CA,1.518938,507.7525
Cx2Cx2Cx7C-LLHL-1a71-cluster2,4cys,Cys1,Cys,Zn-SG,2.352040,102.3229
Cx2Cx2Cx7C-LLHL-1a71-cluster2,4cys,Cys1,Cys,SG-CB,1.826805,318.6493
Cx2Cx2Cx7C-LLHL-1a71-cluster2,4cys,Cys1,Cys,CB-CA,1.515830,514.8935
Cx2Cx2Cx7C-LLHL-1a71-cluster2,4cys,Cys2,Cys,Zn-SG,2.360494,99.4553
Cx2Cx2Cx7C-LLHL-1a71-cluster2,4cys,Cys2,Cys,SG-CB,1.826461,318.8640
Cx2Cx2Cx7C-LLHL-1a71-cluster2,4cys,Cys2,Cys,CB-CA,1.516799,513.0467
Cx2Cx2Cx7C-LLHL-1a71-cluster2,4cys,Cys3,Cys,Zn-SG,2.367343,94.3231
Cx2Cx2Cx7C-LLHL-1a71-cluster2,4cys,Cys3,Cys,SG-CB,1.826227,318.1950
Cx2Cx2Cx7C-LLHL-1a71-cluster2,4cys,Cys3,Cys,CB-CA,1.516383,514.6556
Cx2Cx2Cx7C-LLHL-1a71-cluster2,4cys,Cys4,Cys,Zn-SG,2.371113,92.8594
Cx2Cx2Cx7C-LLHL-1a71-cluster2,4cys,Cys4,Cys,SG-CB,1.824471,322.2535
Cx2Cx2Cx7C-LLHL-1a71-cluster2,4cys,Cys4,Cys,CB-CA,1.514490,518.7772
Cx2Cx2Cx7C-LLLL-1axe-cluster2,4cys,Cys1,Cys,Zn-SG,2.352628,101.9527
Cx2Cx2Cx7C-LLLL-1axe-cluster2,4cys,Cys1,Cys,SG-CB,1.827148,318.3620
Cx2Cx2Cx7C-LLLL-1axe-cluster2,4cys,Cys1,Cys,CB-CA,1.516146,514.0681
Cx2Cx2Cx7C-LLLL-1axe-cluster2,4cys,Cys2,Cys,Zn-SG,2.360844,99.5356
Cx2Cx2Cx7C-LLLL-1axe-cluster2,4cys,Cys2,Cys,SG-CB,1.827486,317.2348
Cx2Cx2Cx7C-LLLL-1axe-cluster2,4cys,Cys2,Cys,CB-CA,1.517528,511.4974
Cx2Cx2Cx7C-LLLL-1axe-cluster2,4cys,Cys3,Cys,Zn-SG,2.368502,94.4117
Cx2Cx2Cx7C-LLLL-1axe-cluster2,4cys,Cys3,Cys,SG-CB,1.827233,317.1487
Cx2Cx2Cx7C-LLLL-1axe-cluster2,4cys,Cys3,Cys,CB-CA,1.516766,514.0768
Cx2Cx2Cx7C-LLLL-1axe-cluster2,4cys,Cys4,Cys,Zn-SG,2.369518,93.6407
Cx2Cx2Cx7C-LLLL-1axe-cluster2,4cys,Cys4,Cys,SG-CB,1.824887,321.0182
Cx2Cx2Cx7C-LLLL-1axe-cluster2,4cys,Cys4,Cys,CB-CA,1.514714,518.2321
Cx2Cx35Hx54H-LLLL-1z84-cluster2,2cys2his,His1,HisND,Zn-ND1,2.065241,298.4781
Cx2Cx35Hx54H-LLLL-1z84-cluster2,2cys2his,His1,HisND,ND1-CG,1.379899,632.3728
Cx2Cx35Hx54H-LLLL-1z84-cluster2,2cys2his,His1,HisND,ND1-CE1,1.319972,867.4392
Cx2Cx35Hx54H-LLLL-1z84-cluster2,2cys2his,His1,HisND,CE1-NE2,1.335758,899.9273
Cx2Cx35Hx54H-LLLL-1z84-cluster2,2cys2his,His1,HisND,NE2-CD2,1.368352,793.4941
Cx2Cx35Hx54H-LLLL-1z84-cluster2,2cys2his,His1,HisND,CD2-CG,1.367152,899.8484
Cx2Cx35Hx54H-LLLL-1z84-cluster2,2cys2his,His1,HisND,CG-CB,1.491466,690.2315
Cx2Cx35Hx54H-LLLL-1z84-cluster2,2cys2his,His1,HisND,CB-CA,1.525677,517.1528
Cx2Cx35Hx54H-LLLL-1z84-cluster2,2cys2his,His2,HisND,Zn-ND1,2.069497,293.3606
Cx2Cx35Hx54H-LLLL-1z84-cluster2,2cys2his,His2,HisND,ND1-CG,1.380663,627.4839
Cx2Cx35Hx54H-LLLL-1z84-cluster2,2cys2his,His2,HisND,ND1-CE1,1.319186,868.8151
Cx2Cx35Hx54H-LLLL-1z84-cluster2,2cys2his,His2,HisND,CE1-NE2,1.335973,898.2304
Cx2Cx35Hx54H-LLLL-1z84-cluster2,2cys2his,His2,HisND,NE2-CD2,1.369303,791.2288
Cx2Cx35Hx54H-LLLL-1z84-cluster2,2cys2his,His2,HisND,CD2-CG,1.365691,911.6586
Cx2Cx35Hx54H-LLLL-1z84-cluster2,2cys2his,His2,HisND,CG-CB,1.487677,697.7364
Cx2Cx35Hx54H-LLLL-1z84-cluster2,2cys2his,His2,HisND,CB-CA,1.524617,515.9663
Cx2Cx35Hx54H-LLLL-1z84-cluster2,2cys2his,Cys1,Cys,Zn-SG,2.295674,137.1627
Cx2Cx35Hx54H-LLLL-1z84-cluster2,2cys2his,Cys1,Cys,SG-CB,1.825434,320.6036
Cx2Cx35Hx54H-LLLL-1z84-cluster2,2cys2his,Cys1,Cys,CB-CA,1.514284,520.1621
Cx2Cx35Hx54H-LLLL-1z84-cluster2,2cys2his,Cys2,Cys,Zn-SG,2.297367,133.3368
Cx2Cx35Hx54H-LLLL-1z84-cluster2,2cys2his,Cys2,Cys,SG-CB,1.828343,318.5182
Cx2Cx35Hx54H-LLLL-1z84-cluster2,2cys2his,Cys2,Cys,CB-CA,1.515527,519.7157
Cx2Cx59Hx48H-LLLL-1gup-cluster3,2cys2his,His1,HisND,Zn-ND1,2.050263,303.4587
Cx2Cx59Hx48H-LLLL-1gup-cluster3,2cys2his,His1,HisND,ND1-CG,1.379394,633.5499
Cx2Cx59Hx48H-LLLL-1gup-cluster3,2cys2his,His1,HisND,ND1-CE1,1.319789,868.7801
Cx2Cx59Hx48H-LLLL-1gup-cluster3,2cys2his,His1,HisND,CE1-NE2,1.335756,900.5005
Cx2Cx59Hx48H-LLLL-1gup-cluster3,2cys2his,His1,HisND,NE2-CD2,1.369214,791.1061
Cx2Cx59Hx48H-LLLL-1gup-cluster3,2cys2his,His1,HisND,CD2-CG,1.365988,909.0063
Cx2Cx59Hx48H-LLLL-1gup-cluster3,2cys2his,His1,HisND,CG-CB,1.487918,698.3221
Cx2Cx59Hx48H-LLLL-1gup-cluster3,2cys2his,His1,HisND,CB-CA,1.525114,512.8758
Cx2Cx59Hx48H-LLLL-1gup-cluster3,2cys2his,His2,HisND,Zn-ND1,2.063660,293.6808
Cx2Cx59Hx48H-LLLL-1gup-cluster3,2cys2his,His2,HisND,ND1-CG,1.379195,633.6516
Cx2Cx59Hx48H-LLLL-1gup-cluster3,2cys2his,His2,HisND,ND1-CE1,1.319545,867.4580
Cx2Cx59Hx48H-LLLL-1gup-cluster3,2cys2his,His2,HisND,CE1-NE2,1.335879,899.3260
Cx2Cx59Hx48H-LLLL-1gup-cluster3,2cys2his,His2,HisND,NE2-CD2,1.369479,790.1312
Cx2Cx59Hx48H-LLLL-1gup-cluster3,2cys2his,His2,HisND,CD2-CG,1.365766,911.2222
Cx2Cx59Hx48H-LLLL-1gup-cluster3,2cys2his,His2,HisND,CG-CB,1.486804,701.3262
Cx2Cx59Hx48H-LLLL-1gup-cluster3,2cys2his,His2,HisND,CB-CA,1.524867,514.1195
Cx2Cx59Hx48H-LLLL-1gup-cluster3,2cys2his,Cys1,Cys,Zn-SG,2.301159,129.9150
Cx2Cx59Hx48H-LLLL-1gup-cluster3,2cys2his,Cys1,Cys,SG-CB,1.827961,317.4421
Cx2Cx59Hx48H-LLLL-1gup-cluster3,2cys2his,Cys1,Cys,CB-CA,1.513036,525.6693
Cx2Cx59Hx48H-LLLL-1gup-cluster3,2cys2his,Cys2,Cys,Zn-SG,2.301577,128.9672
Cx2Cx59Hx48H-LLLL-1gup-cluster3,2cys2his,Cys2,Cys,SG-CB,1.826949,315.8732
Cx2Cx59Hx48H-LLLL-1gup-cluster3,2cys2his,Cys2,Cys,CB-CA,1.514748,518.5498
Cx2Cx66Hx50H-LLLL-1z84-cluster1,2cys2his,His1,HisND,Zn-ND1,2.065523,296.2994
Cx2Cx66Hx50H-LLLL-1z84-cluster1,2cys2his,His1,HisND,ND1-CG,1.380272,629.6032
Cx2Cx66Hx50H-LLLL-1z84-cluster1,2cys2his,His1,HisND,ND1-CE1,1.319076,870.0755
Cx2Cx66Hx50H-LLLL-1z84-cluster1,2cys2his,His1,HisND,CE1-NE2,1.335697,899.9965
Cx2Cx66Hx50H-LLLL-1z84-cluster1,2cys2his,His1,HisND,NE2-CD2,1.369708,789.8363
Cx2Cx66Hx50H-LLLL-1z84-cluster1,2cys2his,His1,HisND,CD2-CG,1.365587,913.0967
Cx2Cx66Hx50H-LLLL-1z84-cluster1,2cys2his,His1,HisND,CG-CB,1.487391,698.4405
Cx2Cx66Hx50H-LLLL-1z84-cluster1,2cys2his,His1,HisND,CB-CA,1.524711,515.7856
Cx2Cx66Hx50H-LLLL-1z84-cluster1,2cys2his,His2,HisND,Zn-ND1,2.070128,293.1302
Cx2Cx66Hx50H-LLLL-1z84-cluster1,2cys2his,His2,HisND,ND1-CG,1.379933,630.8645
Cx2Cx66Hx50H-LLLL-1z84-cluster1,2cys2his,His2,HisND,ND1-CE1,1.319712,868.2670
Cx2Cx66Hx50H-LLLL-1z84-cluster1,2cys2his,His2,HisND,CE1-NE2,1.335841,899.6129
Cx2Cx66Hx50H-LLLL-1z84-cluster1,2cys2his,His2,HisND,NE2-CD2,1.368617,792.7291
Cx2Cx66Hx50H-LLLL-1z84-cluster1,2cys2his,His2,HisND,CD2-CG,1.366625,904.0843
Cx2Cx66Hx50H-LLLL-1z84-cluster1,2cys2his,His2,HisND,CG-CB,1.489298,694.3427
Cx2Cx66Hx50H-LLLL-1z84-cluster1,2cys2his,His2,HisND,CB-CA,1.526069,512.0528
Cx2Cx66Hx50H-LLLL-1z84-cluster1,2cys2his,Cys1,Cys,Zn-SG,2.298107,135.4976
Cx2Cx66Hx50H-LLLL-1z84-cluster1,2cys2his,Cys1,Cys,SG-CB,1.825543,321.2234
Cx2Cx66Hx50H-LLLL-1z84-cluster1,2cys2his,Cys1,Cys,CB-CA,1.515033,519.1976
Cx2Cx66Hx50H-LLLL-1z84-cluster1,2cys2his,Cys2,Cys,Zn-SG,2.301134,132.9440
Cx2Cx66Hx50H-LLLL-1z84-cluster1,2cys2his,Cys2,Cys,SG-CB,1.827480,317.4444
Cx2Cx66Hx50H-LLLL-1z84-cluster1,2cys2his,Cys2,Cys,CB-CA,1.514729,518.8726
Cx2Cx7Hx3H-HHHH-1svl-cluster2,2cys2his,His1,HisNE,Zn-NE2,2.037404,322.1626
Cx2Cx7Hx3H-HHHH-1svl-cluster2,2cys2his,His1,HisNE,NE2-CE1,1.315908,885.9009
Cx2Cx7Hx3H-HHHH-1svl-cluster2,2cys2his,His1,HisNE,NE2-CD2,1.371674,676.5755
Cx2Cx7Hx3H-HHHH-1svl-cluster2,2cys2his,His1,HisNE,CE1-ND1,1.340789,882.3137
Cx2Cx7Hx3H-HHHH-1svl-cluster2,2cys2his,His1,HisNE,ND1-CG,1.372475,754.2550
Cx2Cx7Hx3H-HHHH-1svl-cluster2,2cys2his,His1,HisNE,CD2-CG,1.363934,917.6972
Cx2Cx7Hx3H-HHHH-1svl-cluster2,2cys2his,His1,HisNE,CG-CB,1.481517,714.1595
Cx2Cx7Hx3H-HHHH-1svl-cluster2,2cys2his,His1,HisNE,CB-CA,1.524509,513.5522
Cx2Cx7Hx3H-HHHH-1svl-cluster2,2cys2his,His2,HisND,Zn-ND1,2.061627,299.2087
Cx2Cx7Hx3H-HHHH-1svl-cluster2,2cys2his,His2,HisND,ND1-CG,1.378067,637.5306
Cx2Cx7Hx3H-HHHH-1svl-cluster2,2cys2his,His2,HisND,ND1-CE1,1.318783,873.9928
Cx2Cx7Hx3H-HHHH-1svl-cluster2,2cys2his,His2,HisND,CE1-NE2,1.335800,900.2082
Cx2Cx7Hx3H-HHHH-1svl-cluster2,2cys2his,His2,HisND,NE2-CD2,1.370592,787.0038
Cx2Cx7Hx3H-HHHH-1svl-cluster2,2cys2his,His2,HisND,CD2-CG,1.365890,912.7174
Cx2Cx7Hx3H-HHHH-1svl-cluster2,2cys2his,His2,HisND,CG-CB,1.486629,702.1990
Cx2Cx7Hx3H-HHHH-1svl-cluster2,2cys2his,His2,HisND,CB-CA,1.517961,548.6656
Cx2Cx7Hx3H-HHHH-1svl-cluster2,2cys2his,Cys1,Cys,Zn-SG,2.288271,137.2985
Cx2Cx7Hx3H-HHHH-1svl-cluster2,2cys2his,Cys1,Cys,SG-CB,1.825569,321.4914
Cx2Cx7Hx3H-HHHH-1svl-cluster2,2cys2his,Cys1,Cys,CB-CA,1.509993,533.8269
Cx2Cx7Hx3H-HHHH-1svl-cluster2,2cys2his,Cys2,Cys,Zn-SG,2.290053,137.3580
Cx2Cx7Hx3H-HHHH-1svl-cluster2,2cys2his,Cys2,Cys,SG-CB,1.827974,314.9193
Cx2Cx7Hx3H-HHHH-1svl-cluster2,2cys2his,Cys2,Cys,CB-CA,1.515959,516.0974
Cx4C-Cx4C-LL-LL-1d0c-cluster1,4cys,Cys1,Cys,Zn-SG,2.357989,100.6763
Cx4C-Cx4C-LL-LL-1d0c-cluster1,4cys,Cys1,Cys,SG-CB,1.821544,327.7221
Cx4C-Cx4C-LL-LL-1d0c-cluster1,4cys,Cys1,Cys,CB-CA,1.506847,539.3457
Cx4C-Cx4C-LL-LL-1d0c-cluster1,4cys,Cys2,Cys,Zn-SG,2.359796,100.6841
Cx4C-Cx4C-LL-LL-1d0c-cluster1,4cys,Cys2,Cys,SG-CB,1.821718,328.1981
Cx4C-Cx4C-LL-LL-1d0c-cluster1,4cys,Cys2,Cys,CB-CA,1.506871,539.1927
Cx4C-Cx4C-LL-LL-1d0c-cluster1,4cys,Cys3,Cys,Zn-SG,2.366824,94.8496
Cx4C-Cx4C-LL-LL-1d0c-cluster1,4cys,Cys3,Cys,SG-CB,1.825077,318.8834
Cx4C-Cx4C-LL-LL-1d0c-cluster1,4cys,Cys3,Cys,CB-CA,1.515696,514.4681
Cx4C-Cx4C-LL-LL-1d0c-cluster1,4cys,Cys4,Cys,Zn-SG,2.367396,94.6536
Cx4C-Cx4C-LL-LL-1d0c-cluster1,4cys,Cys4,Cys,SG-CB,1.825447,319.0048
Cx4C-Cx4C-LL-LL-1d0c-cluster1,4cys,Cys4,Cys,CB-CA,1.515846,514.4341
Cx4C-Cx4C-LS-LL-1dmk-cluster1,4cys,Cys1,Cys,Zn-SG,2.356601,101.3972
Cx4C-Cx4C-LS-LL-1dmk-cluster1,4cys,Cys1,Cys,SG-CB,1.822588,326.0664
Cx4C-Cx4C-LS-LL-1dmk-cluster1,4cys,Cys1,Cys,CB-CA,1.509449,533.6042
Cx4C-Cx4C-LS-LL-1dmk-cluster1,4cys,Cys2,Cys,Zn-SG,2.358950,102.1862
Cx4C-Cx4C-LS-LL-1dmk-cluster1,4cys,Cys2,Cys,SG-CB,1.822734,327.0846
Cx4C-Cx4C-LS-LL-1dmk-cluster1,4cys,Cys2,Cys,CB-CA,1.509493,533.0206
Cx4C-Cx4C-LS-LL-1dmk-cluster1,4cys,Cys3,Cys,Zn-SG,2.367254,94.8482
Cx4C-Cx4C-LS-LL-1dmk-cluster1,4cys,Cys3,Cys,SG-CB,1.824924,319.9849
Cx4C-Cx4C-LS-LL-1dmk-cluster1,4cys,Cys3,Cys,CB-CA,1.515275,515.8037
Cx4C-Cx4C-LS-LL-1dmk-cluster1,4cys,Cys4,Cys,Zn-SG,2.367274,94.9554
Cx4C-Cx4C-LS-LL-1dmk-cluster1,4cys,Cys4,Cys,SG-CB,1.824473,320.5246
Cx4C-Cx4C-LS-LL-1dmk-cluster1,4cys,Cys4,Cys,CB-CA,1.515157,516.3181
Cx4Cx12Hx3H-LLHH-1a1h-cluster1,2cys2his,His1,HisNE,Zn-NE2,2.035958,319.4297
Cx4Cx12Hx3H-LLHH-1a1h-cluster1,2cys2his,His1,HisNE,NE2-CE1,1.315684,885.9904
Cx4Cx12Hx3H-LLHH-1a1h-cluster1,2cys2his,His1,HisNE,NE2-CD2,1.373691,671.3446
Cx4Cx12Hx3H-LLHH-1a1h-cluster1,2cys2his,His1,HisNE,CE1-ND1,1.340051,885.4193
Cx4Cx12Hx3H-LLHH-1a1h-cluster1,2cys2his,His1,HisNE,ND1-CG,1.373399,748.9250
Cx4Cx12Hx3H-LLHH-1a1h-cluster1,2cys2his,His1,HisNE,CD2-CG,1.364679,915.8571
Cx4Cx12Hx3H-LLHH-1a1h-cluster1,2cys2his,His1,HisNE,CG-CB,1.483205,709.9190
Cx4Cx12Hx3H-LLHH-1a1h-cluster1,2cys2his,His1,HisNE,CB-CA,1.524530,516.6371
Cx4Cx12Hx3H-LLHH-1a1h-cluster1,2cys2his,His2,HisNE,Zn-NE2,2.039936,319.4093
Cx4Cx12Hx3H-LLHH-1a1h-cluster1,2cys2his,His2,HisNE,NE2-CE1,1.315569,888.1100
Cx4Cx12Hx3H-LLHH-1a1h-cluster1,2cys2his,His2,HisNE,NE2-CD2,1.373081,672.6222
Cx4Cx12Hx3H-LLHH-1a1h-cluster1,2cys2his,His2,HisNE,CE1-ND1,1.340206,884.6047
Cx4Cx12Hx3H-LLHH-1a1h-cluster1,2cys2his,His2,HisNE,ND1-CG,1.372931,751.2507
Cx4Cx12Hx3H-LLHH-1a1h-cluster1,2cys2his,His2,HisNE,CD2-CG,1.364339,917.2565
Cx4Cx12Hx3H-LLHH-1a1h-cluster1,2cys2his,His2,HisNE,CG-CB,1.482207,712.1918
Cx4Cx12Hx3H-LLHH-1a1h-cluster1,2cys2his,His2,HisNE,CB-CA,1.524329,515.8392
Cx4Cx12Hx3H-LLHH-1a1h-cluster1,2cys2his,Cys1,Cys,Zn-SG,2.288388,135.5091
Cx4Cx12Hx3H-LLHH-1a1h-cluster1,2cys2his,Cys1,Cys,SG-CB,1.827515,318.7215
Cx4Cx12Hx3H-LLHH-1a1h-cluster1,2cys2his,Cys1,Cys,CB-CA,1.512455,527.9388
Cx4Cx12Hx3H-LLHH-1a1h-cluster1,2cys2his,Cys2,Cys,Zn-SG,2.289137,135.8170
Cx4Cx12Hx3H-LLHH-1a1h-cluster1,2cys2his,Cys2,Cys,SG-CB,1.826052,321.3898
Cx4Cx12Hx3H-LLHH-1a1h-cluster1,2cys2his,Cys2,Cys,CB-CA,1.510768,531.6452
Cx4Cx23Hx1H-SLLL-2ayd-cluster1,2cys2his,His1,HisNE,Zn-NE2,2.045309,317.7875
Cx4Cx23Hx1H-SLLL-2ayd-cluster1,2cys2his,His1,HisNE,NE2-CE1,1.316057,885.5625
Cx4Cx23Hx1H-SLLL-2ayd-cluster1,2cys2his,His1,HisNE,NE2-CD2,1.373036,670.4214
Cx4Cx23Hx1H-SLLL-2ayd-cluster1,2cys2his,His1,HisNE,CE1-ND1,1.340645,882.8433
Cx4Cx23Hx1H-SLLL-2ayd-cluster1,2cys2his,His1,HisNE,ND1-CG,1.373653,748.7939
Cx4Cx23Hx1H-SLLL-2ayd-cluster1,2cys2his,His1,HisNE,CD2-CG,1.364642,916.2056
Cx4Cx23Hx1H-SLLL-2ayd-cluster1,2cys2his,His1,HisNE,CG-CB,1.483621,708.6506
Cx4Cx23Hx1H-SLLL-2ayd-cluster1,2cys2his,His1,HisNE,CB-CA,1.524698,516.8528
Cx4Cx23Hx1H-SLLL-2ayd-cluster1,2cys2his,His2,HisND,Zn-ND1,2.060801,298.4371
Cx4Cx23Hx1H-SLLL-2ayd-cluster1,2cys2his,His2,HisND,ND1-CG,1.380135,629.2057
Cx4Cx23Hx1H-SLLL-2ayd-cluster1,2cys2his,His2,HisND,ND1-CE1,1.319534,868.9450
Cx4Cx23Hx1H-SLLL-2ayd-cluster1,2cys2his,His2,HisND,CE1-NE2,1.335727,898.9827
Cx4Cx23Hx1H-SLLL-2ayd-cluster1,2cys2his,His2,HisND,NE2-CD2,1.369386,790.1528
Cx4Cx23Hx1H-SLLL-2ayd-cluster1,2cys2his,His2,HisND,CD2-CG,1.365454,913.0800
Cx4Cx23Hx1H-SLLL-2ayd-cluster1,2cys2his,His2,HisND,CG-CB,1.487071,699.2493
Cx4Cx23Hx1H-SLLL-2ayd-cluster1,2cys2his,His2,HisND,CB-CA,1.524169,517.2949
Cx4Cx23Hx1H-SLLL-2ayd-cluster1,2cys2his,Cys1,Cys,Zn-SG,2.292264,135.7908
Cx4Cx23Hx1H-SLLL-2ayd-cluster1,2cys2his,Cys1,Cys,SG-CB,1.827290,319.8015
Cx4Cx23Hx1H-SLLL-2ayd-cluster1,2cys2his,Cys1,Cys,CB-CA,1.514467,522.7670
Cx4Cx23Hx1H-SLLL-2ayd-cluster1,2cys2his,Cys2,Cys,Zn-SG,2.298053,132.1065
Cx4Cx23Hx1H-SLLL-2ayd-cluster1,2cys2his,Cys2,Cys,SG-CB,1.826331,320.3528
Cx4Cx23Hx1H-SLLL-2ayd-cluster1,2cys2his,Cys2,Cys,CB-CA,1.513909,524.5633
Cx4Cx76Hx4H-HLHH-1pi1-cluster1,2cys2his,His1,HisNE,Zn-NE2,2.049517,312.7692
Cx4Cx76Hx4H-HLHH-1pi1-cluster1,2cys2his,His1,HisNE,NE2-CE1,1.315532,887.0085
Cx4Cx76Hx4H-HLHH-1pi1-cluster1,2cys2his,His1,HisNE,NE2-CD2,1.373305,670.7982
Cx4Cx76Hx4H-HLHH-1pi1-cluster1,2cys2his,His1,HisNE,CE1-ND1,1.340543,883.1169
Cx4Cx76Hx4H-HLHH-1pi1-cluster1,2cys2his,His1,HisNE,ND1-CG,1.372932,751.1336
Cx4Cx76Hx4H-HLHH-1pi1-cluster1,2cys2his,His1,HisNE,CD2-CG,1.364694,915.2952
Cx4Cx76Hx4H-HLHH-1pi1-cluster1,2cys2his,His1,HisNE,CG-CB,1.482810,710.6215
Cx4Cx76Hx4H-HLHH-1pi1-cluster1,2cys2his,His1,HisNE,CB-CA,1.524971,514.5676
Cx4Cx76Hx4H-HLHH-1pi1-cluster1,2cys2his,His2,HisNE,Zn-NE2,2.063678,301.0073
Cx4Cx76Hx4H-HLHH-1pi1-cluster1,2cys2his,His2,HisNE,NE2-CE1,1.316006,882.1133
Cx4Cx76Hx4H-HLHH-1pi1-cluster1,2cys2his,His2,HisNE,NE2-CD2,1.374966,664.8428
Cx4Cx76Hx4H-HLHH-1pi1-cluster1,2cys2his,His2,HisNE,CE1-ND1,1.340440,882.0870
Cx4Cx76Hx4H-HLHH-1pi1-cluster1,2cys2his,His2,HisNE,ND1-CG,1.373871,747.4083
Cx4Cx76Hx4H-HLHH-1pi1-cluster1,2cys2his,His2,HisNE,CD2-CG,1.366332,907.2763
Cx4Cx76Hx4H-HLHH-1pi1-cluster1,2cys2his,His2,HisNE,CG-CB,1.486382,699.9561
Cx4Cx76Hx4H-HLHH-1pi1-cluster1,2cys2his,His2,HisNE,CB-CA,1.526573,514.3460
Cx4Cx76Hx4H-HLHH-1pi1-cluster1,2cys2his,Cys1,Cys,Zn-SG,2.293786,135.0183
Cx4Cx76Hx4H-HLHH-1pi1-cluster1,2cys2his,Cys1,Cys,SG-CB,1.828290,314.1153
Cx4Cx76Hx4H-HLHH-1pi1-cluster1,2cys2his,Cys1,Cys,CB-CA,1.515569,516.7919
Cx4Cx76Hx4H-HLHH-1pi1-cluster1,2cys2his,Cys2,Cys,Zn-SG,2.298425,135.3731
Cx4Cx76Hx4H-HLHH-1pi1-cluster1,2cys2his,Cys2,Cys,SG-CB,1.826023,322.5790
Cx4Cx76Hx4H-HLHH-1pi1-cluster1,2cys2his,Cys2,Cys,CB-CA,1.515365,521.0955
Cx5Cx9Cx2C-LLHH-1dsz-cluster2,4cys,Cys1,Cys,Zn-SG,2.353737,103.4646
Cx5Cx9Cx2C-LLHH-1dsz-cluster2,4cys,Cys1,Cys,SG-CB,1.824986,320.2722
Cx5Cx9Cx2C-LLHH-1dsz-cluster2,4cys,Cys1,Cys,CB-CA,1.514930,517.8812
Cx5Cx9Cx2C-LLHH-1dsz-cluster2,4cys,Cys2,Cys,Zn-SG,2.357447,98.6064
Cx5Cx9Cx2C-LLHH-1dsz-cluster2,4cys,Cys2,Cys,SG-CB,1.823150,323.7828
Cx5Cx9Cx2C-LLHH-1dsz-cluster2,4cys,Cys2,Cys,CB-CA,1.514310,523.1580
Cx5Cx9Cx2C-LLHH-1dsz-cluster2,4cys,Cys3,Cys,Zn-SG,2.366556,95.0258
Cx5Cx9Cx2C-LLHH-1dsz-cluster2,4cys,Cys3,Cys,SG-CB,1.825566,318.8899
Cx5Cx9Cx2C-LLHH-1dsz-cluster2,4cys,Cys3,Cys,CB-CA,1.514802,520.0522
Cx5Cx9Cx2C-LLHH-1dsz-cluster2,4cys,Cys4,Cys,Zn-SG,2.368464,95.1547
Cx5Cx9Cx2C-LLHH-1dsz-cluster2,4cys,Cys4,Cys,SG-CB,1.827807,319.1889
Cx5Cx9Cx2C-LLHH-1dsz-cluster2,4cys,Cys4,Cys,CB-CA,1.516459,516.2907
Hx1Hx1Cx35C-HLHH-2glz-cluster2,2cys2his,His1,HisNE,Zn-NE2,2.061039,294.1329
Hx1Hx1Cx35C-HLHH-2glz-cluster2,2cys2his,His1,HisNE,NE2-CE1,1.315793,879.6997
Hx1Hx1Cx35C-HLHH-2glz-cluster2,2cys2his,His1,HisNE,NE2-CD2,1.373996,669.6930
Hx1Hx1Cx35C-HLHH-2glz-cluster2,2cys2his,His1,HisNE,CE1-ND1,1.338600,892.5216
Hx1Hx1Cx35C-HLHH-2glz-cluster2,2cys2his,His1,HisNE,ND1-CG,1.373010,750.3087
Hx1Hx1Cx35C-HLHH-2glz-cluster2,2cys2his,His1,HisNE,CD2-CG,1.365390,913.1482
Hx1Hx1Cx35C-HLHH-2glz-cluster2,2cys2his,His1,HisNE,CG-CB,1.482049,711.5972
Hx1Hx1Cx35C-HLHH-2glz-cluster2,2cys2his,His1,HisNE,CB-CA,1.524709,516.6498
Hx1Hx1Cx35C-HLHH-2glz-cluster2,2cys2his,His2,HisNE,Zn-NE2,2.064952,308.7956
Hx1Hx1Cx35C-HLHH-2glz-cluster2,2cys2his,His2,HisNE,NE2-CE1,1.314391,895.2913
Hx1Hx1Cx35C-HLHH-2glz-cluster2,2cys2his,His2,HisNE,NE2-CD2,1.375845,657.2169
Hx1Hx1Cx35C-HLHH-2glz-cluster2,2cys2his,His2,HisNE,CE1-ND1,1.342450,874.8981
Hx1Hx1Cx35C-HLHH-2glz-cluster2,2cys2his,His2,HisNE,ND1-CG,1.373699,751.3406
Hx1Hx1Cx35C-HLHH-2glz-cluster2,2cys2his,His2,HisNE,CD2-CG,1.364799,913.9445
Hx1Hx1Cx35C-HLHH-2glz-cluster2,2cys2his,His2,HisNE,CG-CB,1.486764,701.5073
Hx1Hx1Cx35C-HLHH-2glz-cluster2,2cys2his,His2,HisNE,CB-CA,1.520277,542.0622
Hx1Hx1Cx35C-HLHH-2glz-cluster2,2cys2his,Cys1,Cys,Zn-SG,2.299428,132.2563
Hx1Hx1Cx35C-HLHH-2glz-cluster2,2cys2his,Cys1,Cys,SG-CB,1.832051,311.2147
Hx1Hx1Cx35C-HLHH-2glz-cluster2,2cys2his,Cys1,Cys,CB-CA,1.517223,516.5238
Hx1Hx1Cx35C-HLHH-2glz-cluster2,2cys2his,Cys2,Cys,Zn-SG,2.302764,131.5394
Hx1Hx1Cx35C-HLHH-2glz-cluster2,2cys2his,Cys2,Cys,SG-CB,1.836583,305.4549
Hx1Hx1Cx35C-HLHH-2glz-cluster2,2cys2his,Cys2,Cys,CB-CA,1.519863,507.0454
Hx46Hx2Cx4C-LLHL-1rni-cluster1,2cys2his,His1,HisNE,Zn-NE2,2.059163,311.4544
Hx46Hx2Cx4C-LLHL-1rni-cluster1,2cys2his,His1,HisNE,NE2-CE1,1.315223,890.0122
Hx46Hx2Cx4C-LLHL-1rni-cluster1,2cys2his,His1,HisNE,NE2-CD2,1.374888,665.9563
Hx46Hx2Cx4C-LLHL-1rni-cluster1,2cys2his,His1,HisNE,CE1-ND1,1.341410,879.2751
Hx46Hx2Cx4C-LLHL-1rni-cluster1,2cys2his,His1,HisNE,ND1-CG,1.372764,755.0669
Hx46Hx2Cx4C-LLHL-1rni-cluster1,2cys2his,His1,HisNE,CD2-CG,1.364820,913.5500
Hx46Hx2Cx4C-LLHL-1rni-cluster1,2cys2his,His1,HisNE,CG-CB,1.484760,706.3983
Hx46Hx2Cx4C-LLHL-1rni-cluster1,2cys2his,His1,HisNE,CB-CA,1.518557,545.4021
Hx46Hx2Cx4C-LLHL-1rni-cluster1,2cys2his,His2,HisND,Zn-ND1,2.074947,295.4480
Hx46Hx2Cx4C-LLHL-1rni-cluster1,2cys2his,His2,HisND,ND1-CG,1.379088,632.3396
Hx46Hx2Cx4C-LLHL-1rni-cluster1,2cys2his,His2,HisND,ND1-CE1,1.320235,865.8851
Hx46Hx2Cx4C-LLHL-1rni-cluster1,2cys2his,His2,HisND,CE1-NE2,1.336247,896.9918
Hx46Hx2Cx4C-LLHL-1rni-cluster1,2cys2his,His2,HisND,NE2-CD2,1.368731,793.4683
Hx46Hx2Cx4C-LLHL-1rni-cluster1,2cys2his,His2,HisND,CD2-CG,1.365372,913.4149
Hx46Hx2Cx4C-LLHL-1rni-cluster1,2cys2his,His2,HisND,CG-CB,1.485638,703.1869
Hx46Hx2Cx4C-LLHL-1rni-cluster1,2cys2his,His2,HisND,CB-CA,1.525055,512.0766
Hx46Hx2Cx4C-LLHL-1rni-cluster1,2cys2his,Cys1,Cys,Zn-SG,2.295506,135.0966
Hx46Hx2Cx4C-LLHL-1rni-cluster1,2cys2his,Cys1,Cys,SG-CB,1.827010,319.5055
Hx46Hx2Cx4C-LLHL-1rni-cluster1,2cys2his,Cys1,Cys,CB-CA,1.515826,520.5395
Hx46Hx2Cx4C-LLHL-1rni-cluster1,2cys2his,Cys2,Cys,Zn-SG,2.296414,132.2825
Hx46Hx2Cx4C-LLHL-1rni-cluster1,2cys2his,Cys2,Cys,SG-CB,1.828298,315.4761
Hx46Hx2Cx4C-LLHL-1rni-cluster1,2cys2his,Cys2,Cys,CB-CA,1.515943,516.3787
Hx56Hx1Cx3C-HHLH-1ia9-cluster1,2cys2his,His1,HisND,Zn-ND1,2.068678,299.0308
Hx56Hx1Cx3C-HHLH-1ia9-cluster1,2cys2his,His1,HisND,ND1-CG,1.379469,631.3234
Hx56Hx1Cx3C-HHLH-1ia9-cluster1,2cys2his,His1,HisND,ND1-CE1,1.319056,874.4896
Hx56Hx1Cx3C-HHLH-1ia9-cluster1,2cys2his,His1,HisND,CE1-NE2,1.335856,899.8764
Hx56Hx1Cx3C-HHLH-1ia9-cluster1,2cys2his,His1,HisND,NE2-CD2,1.370130,788.6104
Hx56Hx1Cx3C-HHLH-1ia9-cluster1,2cys2his,His1,HisND,CD2-CG,1.365894,912.1066
Hx56Hx1Cx3C-HHLH-1ia9-cluster1,2cys2his,His1,HisND,CG-CB,1.487520,698.5540
Hx56Hx1Cx3C-HHLH-1ia9-cluster1,2cys2his,His1,HisND,CB-CA,1.519076,545.9785
Hx56Hx1Cx3C-HHLH-1ia9-cluster1,2cys2his,His2,HisNE,Zn-NE2,2.069879,302.4965
Hx56Hx1Cx3C-HHLH-1ia9-cluster1,2cys2his,His2,HisNE,NE2-CE1,1.314944,889.8228
Hx56Hx1Cx3C-HHLH-1ia9-cluster1,2cys2his,His2,HisNE,NE2-CD2,1.374919,660.8915
Hx56Hx1Cx3C-HHLH-1ia9-cluster1,2cys2his,His2,HisNE,CE1-ND1,1.342006,875.8892
Hx56Hx1Cx3C-HHLH-1ia9-cluster1,2cys2his,His2,HisNE,ND1-CG,1.374081,747.4385
Hx56Hx1Cx3C-HHLH-1ia9-cluster1,2cys2his,His2,HisNE,CD2-CG,1.365934,908.9017
Hx56Hx1Cx3C-HHLH-1ia9-cluster1,2cys2his,His2,HisNE,CG-CB,1.486918,698.7604
Hx56Hx1Cx3C-HHLH-1ia9-cluster1,2cys2his,His2,HisNE,CB-CA,1.527434,511.7514
Hx56Hx1Cx3C-HHLH-1ia9-cluster1,2cys2his,Cys1,Cys,Zn-SG,2.294544,135.7047
Hx56Hx1Cx3C-HHLH-1ia9-cluster1,2cys2his,Cys1,Cys,SG-CB,1.831866,313.3071
Hx56Hx1Cx3C-HHLH-1ia9-cluster1,2cys2his,Cys1,Cys,CB-CA,1.517504,515.5359
Hx56Hx1Cx3C-HHLH-1ia9-cluster1,2cys2his,Cys2,Cys,Zn-SG,2.302228,132.9101
Hx56Hx1Cx3C-HHLH-1ia9-cluster1,2cys2his,Cys2,Cys,SG-CB,1.826908,317.9888
Hx56Hx1Cx3C-HHLH-1ia9-cluster1,2cys2his,Cys2,Cys,CB-CA,1.514517,520.3241
zn-1cys-charge-0,1res,Cys1,Cys,Zn-SG,2.287705,120.8335
zn-1cys-charge-0,1res,Cys1,Cys,SG-CB,1.832074,307.1059
zn-1cys-charge-0,1res,Cys1,Cys,CB-CA,1.514998,520.4946
zn-1cys-charge-1,1res,Cys1,Cys,Zn-SG,2.165907,209.5891
zn-1cys-charge-1,1res,Cys1,Cys,SG-CB,1.834405,298.3766
zn-1cys-charge-1,1res,Cys1,Cys,CB-CA,1.514499,520.4423
zn-1cys-charge-2,1res,Cys1,Cys,Zn-SG,2.276176,169.3308
zn-1cys-charge-2,1res,Cys1,Cys,SG-CB,1.785819,289.6428
zn-1cys-charge-2,1res,Cys1,Cys,CB-CA,1.509163,537.4495
zn-1his-delta-charge-1,1res,His1,HisND,Zn-ND1,2.015813,305.1573
zn-1his-delta-charge-1,1res,His1,HisND,ND1-CG,1.381429,621.6088
zn-1his-delta-charge-1,1res,His1,HisND,ND1-CE1,1.322944,859.9394
zn-1his-delta-charge-1,1res,His1,HisND,CE1-NE2,1.331429,918.1954
zn-1his-delta-charge-1,1res,His1,HisND,NE2-CD2,1.369702,787.8650
zn-1his-delta-charge-1,1res,His1,HisND,CD2-CG,1.363092,923.7889
zn-1his-delta-charge-1,1res,His1,HisND,CG-CB,1.486421,698.4891
zn-1his-delta-charge-1,1res,His1,HisND,CB-CA,1.525185,514.3064
zn-1his-delta-charge-2,1res,His1,HisND,Zn-ND1,1.886892,419.6532
zn-1his-delta-charge-2,1res,His1,HisND,ND1-CG,1.386365,621.3143
zn-1his-delta-charge-2,1res,His1,HisND,ND1-CE1,1.329296,859.3409
zn-1his-delta-charge-2,1res,His1,HisND,CE1-NE2,1.324373,953.6055
zn-1his-delta-charge-2,1res,His1,HisND,NE2-CD2,1.369731,787.1185
zn-1his-delta-charge-2,1res,His1,HisND,CD2-CG,1.359870,939.3794
zn-1his-delta-charge-2,1res,His1,HisND,CG-CB,1.484309,701.1123
zn-1his-delta-charge-2,1res,His1,HisND,CB-CA,1.526131,512.9528
zn-1his-delta-charge-3,1res,His1,HisND,Zn-ND1,1.941127,382.2401
zn-1his-delta-charge-3,1res,His1,HisND,ND1-CG,1.351028,658.4634
zn-1his-delta-charge-3,1res,His1,HisND,ND1-CE1,1.337288,740.3423
zn-1his-delta-charge-3,1res,His1,HisND,CE1-NE2,1.348712,774.9257
zn-1his-delta-charge-3,1res,His1,HisND,NE2-CD2,1.324052,878.6362
zn-1his-delta-charge-3,1res,His1,HisND,CD2-CG,1.443949,719.6906
zn-1his-delta-charge-3,1res,His1,HisND,CG-CB,1.453931,696.0585
zn-1his-delta-charge-3,1res,His1,HisND,CB-CA,1.547268,413.8506
zn-1his-eps-charge-1,1res,His1,HisNE,Zn-NE2,2.005507,314.4862
zn-1his-eps-charge-1,1res,His1,HisNE,NE2-CE1,1.319288,873.6035
zn-1his-eps-charge-1,1res,His1,HisNE,NE2-CD2,1.377345,659.5157
zn-1his-eps-charge-1,1res,His1,HisNE,CE1-ND1,1.335473,904.3612
zn-1his-eps-charge-1,1res,His1,HisNE,ND1-CG,1.373594,750.4008
zn-1his-eps-charge-1,1res,His1,HisNE,CD2-CG,1.363755,918.5630
zn-1his-eps-charge-1,1res,His1,HisNE,CG-CB,1.484897,704.0654
zn-1his-eps-charge-1,1res,His1,HisNE,CB-CA,1.517863,547.8658
zn-1his-eps-charge-2,1res,His1,HisNE,Zn-NE2,1.876957,423.8055
zn-1his-eps-charge-2,1res,His1,HisNE,NE2-CE1,1.325348,873.9081
zn-1his-eps-charge-2,1res,His1,HisNE,NE2-CD2,1.381363,667.4324
zn-1his-eps-charge-2,1res,His1,HisNE,CE1-ND1,1.328318,937.4936
zn-1his-eps-charge-2,1res,His1,HisNE,ND1-CG,1.375174,743.7938
zn-1his-eps-charge-2,1res,His1,HisNE,CD2-CG,1.360059,939.5082
zn-1his-eps-charge-2,1res,His1,HisNE,CG-CB,1.483724,704.4883
zn-1his-eps-charge-2,1res,His1,HisNE,CB-CA,1.517971,547.4484
zn-1his-eps-charge-3,1res,His1,HisNE,Zn-NE2,1.942481,376.9617
zn-1his-eps-charge-3,1res,His1,HisNE,NE2-CE1,1.345624,708.2085
zn-1his-eps-charge-3,1res,His1,HisNE,NE2-CD2,1.332459,762.3203
zn-1his-eps-charge-3,1res,His1,HisNE,CE1-ND1,1.341604,792.7586
zn-1his-eps-charge-3,1res,His1,HisNE,ND1-CG,1.340013,779.9398
zn-1his-eps-charge-3,1res,His1,HisNE,CD2-CG,1.443839,722.1797
zn-1his-eps-charge-3,1res,His1,HisNE,CG-CB,1.453371,696.7600
zn-1his-eps-charge-3,1res,His1,HisNE,CB-CA,1.535533,461.3732
